estado,ano,turno,situacao,quantidade,proporcao
Acre,1989,1,DEMAIS,54787,29.971.498.438.158.100
Acre,1989,1,VALIDOS,128010,7.002.850.156.184.180
Acre,1989,2,DEMAIS,54787,29.971.498.438.158.100
Acre,1989,2,VALIDOS,128010,7.002.850.156.184.180
Acre,1994,1,DEMAIS,96277,3.658.468.927.884.720
Acre,1994,1,VALIDOS,166885,6.341.531.072.115.270
Acre,1998,1,DEMAIS,125874,394.645.012.619.335
Acre,1998,1,VALIDOS,193081,605.354.987.380.665
Acre,2002,1,DEMAIS,104897,2.836.694.736.955.960
Acre,2002,1,VALIDOS,264889,7.163.305.263.044.030
Acre,2002,2,DEMAIS,135620,36.675.266.235.065.600
Acre,2002,2,VALIDOS,234166,6.332.473.376.493.430
Acre,2006,1,DEMAIS,513074,6.213.956.980.912.700
Acre,2006,1,VALIDOS,312606,3.786.043.019.087.290
Acre,2006,2,DEMAIS,536185,6.493.859.606.627.260
Acre,2006,2,VALIDOS,289495,35.061.403.933.727.300
Acre,2010,1,DEMAIS,124724,2.650.628.526.495.870
Acre,2010,1,VALIDOS,345821,7.349.371.473.504.120
Acre,2010,2,DEMAIS,150465,3.200.021.267.545.720
Acre,2010,2,VALIDOS,319735,6.799.978.732.454.270
Acre,2014,1,DEMAIS,107629,21.248.716.733.791.300
Acre,2014,1,VALIDOS,398891,7.875.128.326.620.860
Acre,2014,2,DEMAIS,124070,2.449.449.382.257.820
Acre,2014,2,VALIDOS,382452,7.550.550.617.742.170
Alagoas,1989,1,DEMAIS,349327,2.885.099.649.239.300
Alagoas,1989,1,VALIDOS,861470,7.114.900.350.760.690
Alagoas,1989,2,DEMAIS,349327,2.885.099.649.239.300
Alagoas,1989,2,VALIDOS,861470,7.114.900.350.760.690
Alagoas,1994,1,DEMAIS,467825,40.434.662.356.632.200
Alagoas,1994,1,VALIDOS,689165,595.653.376.433.677
Alagoas,1998,1,DEMAIS,662947,4.791.464.296.039.310
Alagoas,1998,1,VALIDOS,720653,5.208.535.703.960.680
Alagoas,2002,1,DEMAIS,523906,3.274.224.232.106.650
Alagoas,2002,1,VALIDOS,1076186,6.725.775.767.893.340
Alagoas,2002,2,DEMAIS,506181,31.634.493.516.622.700
Alagoas,2002,2,VALIDOS,1093911,683.655.064.833.772
Alagoas,2006,1,DEMAIS,2378259,6.394.933.118.650.460
Alagoas,2006,1,VALIDOS,1340715,36.050.668.813.495.300
Alagoas,2006,2,DEMAIS,2380410,6.400.716.971.939.030
Alagoas,2006,2,VALIDOS,1338564,3.599.283.028.060.960
Alagoas,2010,1,DEMAIS,639404,31.443.783.891.972.500
Alagoas,2010,1,VALIDOS,1394079,6.855.621.610.802.740
Alagoas,2010,2,DEMAIS,658914,32.402.663.758.078.300
Alagoas,2010,2,VALIDOS,1374604,6.759.733.624.192.160
Alagoas,2014,1,DEMAIS,586200,29.381.205.351.168.500
Alagoas,2014,1,VALIDOS,1408953,7.061.879.464.883.140
Alagoas,2014,2,DEMAIS,479883,24.052.103.543.488.000
Alagoas,2014,2,VALIDOS,1515298,7.594.789.645.651.190
Amapá,1989,1,DEMAIS,30873,2.613.166.982.665.220
Amapá,1989,1,VALIDOS,87271,7.386.833.017.334.770
Amapá,1989,2,DEMAIS,30873,2.613.166.982.665.220
Amapá,1989,2,VALIDOS,87271,7.386.833.017.334.770
Amapá,1994,1,DEMAIS,67919,3.444.674.926.840.150
Amapá,1994,1,VALIDOS,129252,6.555.325.073.159.840
Amapá,1998,1,DEMAIS,51971,24.366.469.907.027.500
Amapá,1998,1,VALIDOS,161318,7.563.353.009.297.240
Amapá,2002,1,DEMAIS,56828,19.589.039.679.284.100
Amapá,2002,1,VALIDOS,233273,8.041.096.032.071.580
Amapá,2002,2,DEMAIS,62528,21.553.872.616.778.200
Amapá,2002,2,VALIDOS,227573,7.844.612.738.322.170
Amapá,2006,1,DEMAIS,425849,5.904.498.993.383.500
Amapá,2006,1,VALIDOS,295379,4.095.501.006.616.490
Amapá,2006,2,DEMAIS,448929,6.224.508.754.513.130
Amapá,2006,2,VALIDOS,272299,3.775.491.245.486.860
Amapá,2010,1,DEMAIS,79591,18.935.315.263.447.100
Amapá,2010,1,VALIDOS,340740,8.106.468.473.655.280
Amapá,2010,2,DEMAIS,103345,2.458.552.298.209.340
Amapá,2010,2,VALIDOS,317004,7.541.447.701.790.650
Amapá,2014,1,DEMAIS,66030,14.500.360.148.275.600
Amapá,2014,1,VALIDOS,389338,8.549.963.985.172.430
Amapá,2014,2,DEMAIS,85290,18.729.906.361.448.300
Amapá,2014,2,VALIDOS,370078,8.127.009.363.855.160
Amazonas,1989,1,DEMAIS,246214,29.238.685.497.747.800
Amazonas,1989,1,VALIDOS,595869,7.076.131.450.225.210
Amazonas,1989,2,DEMAIS,246214,29.238.685.497.747.800
Amazonas,1989,2,VALIDOS,595869,7.076.131.450.225.210
Amazonas,1994,1,DEMAIS,412165,3.726.607.269.761.640
Amazonas,1994,1,VALIDOS,693841,6.273.392.730.238.350
Amazonas,1998,1,DEMAIS,541274,395.643.834.735.294
Amazonas,1998,1,VALIDOS,826810,6.043.561.652.647.050
Amazonas,2002,1,DEMAIS,413685,27.131.742.272.551.000
Amazonas,2002,1,VALIDOS,1111042,7.286.825.772.744.890
Amazonas,2002,2,DEMAIS,491149,3.222.005.591.862.270
Amazonas,2002,2,VALIDOS,1033209,6.777.994.408.137.720
Amazonas,2006,1,DEMAIS,2191054,6.150.219.982.136.450
Amazonas,2006,1,VALIDOS,1371508,3.849.780.017.863.540
Amazonas,2006,2,DEMAIS,2226585,6.249.831.585.187.580
Amazonas,2006,2,VALIDOS,1336047,375.016.841.481.242
Amazonas,2010,1,DEMAIS,502948,24.798.705.403.323.800
Amazonas,2010,1,VALIDOS,1525174,7.520.129.459.667.610
Amazonas,2010,2,DEMAIS,611299,30.139.396.787.065.000
Amazonas,2010,2,VALIDOS,1416940,6.986.060.321.293.490
Amazonas,2014,1,DEMAIS,547775,24.612.132.295.125.400
Amazonas,2014,1,VALIDOS,1677855,7.538.786.770.487.450
Amazonas,2014,2,DEMAIS,636791,28.610.934.761.384.200
Amazonas,2014,2,VALIDOS,1588900,7.138.906.523.861.570
Bahia,1989,1,DEMAIS,1842786,31.266.193.756.520.500
Bahia,1989,1,VALIDOS,4051075,68.733.806.243.479.400
Bahia,1989,2,DEMAIS,1842786,31.266.193.756.520.500
Bahia,1989,2,VALIDOS,4051075,68.733.806.243.479.400
Bahia,1994,1,DEMAIS,3307734,4.704.082.584.620.560
Bahia,1994,1,VALIDOS,3723890,5.295.917.415.379.430
Bahia,1998,1,DEMAIS,4048048,5.103.292.542.776.120
Bahia,1998,1,VALIDOS,3884180,4.896.707.457.223.870
Bahia,2002,1,DEMAIS,3323038,3.878.390.562.185.130
Bahia,2002,1,VALIDOS,5245047,6.121.609.437.814.860
Bahia,2002,2,DEMAIS,2919922,3.407.699.412.342.870
Bahia,2002,2,VALIDOS,5648680,6.592.300.587.657.120
Bahia,2006,1,DEMAIS,11777649,646.459.139.304.405
Bahia,2006,1,VALIDOS,6441057,353.540.860.695.595
Bahia,2006,2,DEMAIS,11573975,6.352.797.503.840.280
Bahia,2006,2,VALIDOS,6644731,3.647.202.496.159.710
Bahia,2010,1,DEMAIS,2856467,29.928.299.076.481.500
Bahia,2010,1,VALIDOS,6687901,7.007.170.092.351.840
Bahia,2010,2,DEMAIS,2859028,29.954.117.948.920.500
Bahia,2010,2,VALIDOS,6685663,700.458.820.510.795
Bahia,2014,1,DEMAIS,3193495,31.372.164.736.786.700
Bahia,2014,1,VALIDOS,6985895,6.862.783.526.321.320
Bahia,2014,2,DEMAIS,2968493,2.916.107.175.860.680
Bahia,2014,2,VALIDOS,7211150,7.083.892.824.139.310
Ceará,1989,1,DEMAIS,749750,22.369.872.831.114.300
Ceará,1989,1,VALIDOS,2601856,776.301.271.688.856
Ceará,1989,2,DEMAIS,749750,22.369.872.831.114.300
Ceará,1989,2,VALIDOS,2601856,776.301.271.688.856
Ceará,1994,1,DEMAIS,1526120,3.809.078.822.013.940
Ceará,1994,1,VALIDOS,2480413,6.190.921.177.986.050
Ceará,1998,1,DEMAIS,1645827,3.825.787.495.379.980
Ceará,1998,1,VALIDOS,2656103,6.174.212.504.620.010
Ceará,2002,1,DEMAIS,1366885,28.445.605.117.226.700
Ceará,2002,1,VALIDOS,3438374,7.155.439.488.277.320
Ceará,2002,2,DEMAIS,1326507,27.605.317.424.097.200
Ceará,2002,2,VALIDOS,3478752,7.239.468.257.590.270
Ceará,2006,1,DEMAIS,6717664,6.264.629.779.910.060
Ceará,2006,1,VALIDOS,4005498,37.353.702.200.899.300
Ceará,2006,2,DEMAIS,6603165,6.157.852.506.564.760
Ceará,2006,2,VALIDOS,4119997,38.421.474.934.352.300
Ceará,2010,1,DEMAIS,1679555,2.857.325.861.941.660
Ceará,2010,1,VALIDOS,4198511,7.142.674.138.058.330
Ceará,2010,2,DEMAIS,1626893,2.767.675.843.184.430
Ceará,2010,2,VALIDOS,4251299,7.232.324.156.815.560
Ceará,2014,1,DEMAIS,1748677,2.789.443.904.832.560
Ceará,2014,1,VALIDOS,4520232,7.210.556.095.167.430
Ceará,2014,2,DEMAIS,1679716,26.793.844.094.395.900
Ceará,2014,2,VALIDOS,4589321,73.206.155.905.604
Distrito Federal,2006,1,DEMAIS,1962295,5.928.204.585.964.170
Distrito Federal,2006,1,VALIDOS,1347805,407.179.541.403.583
Distrito Federal,2006,2,DEMAIS,1966955,594.228.271.049.213
Distrito Federal,2006,2,VALIDOS,1343145,405.771.728.950.787
Distrito Federal,2010,1,DEMAIS,376883,2.055.043.180.209.620
Distrito Federal,2010,1,VALIDOS,1457059,7.944.956.819.790.370
Distrito Federal,2010,2,DEMAIS,492162,2.683.346.645.694.010
Distrito Federal,2010,2,VALIDOS,1341973,7.316.653.354.305.980
Distrito Federal,2014,1,DEMAIS,321183,1.694.273.926.687.650
Distrito Federal,2014,1,VALIDOS,1574514,830.572.607.331.235
Distrito Federal,2014,2,DEMAIS,372138,19.627.593.758.208.000
Distrito Federal,2014,2,VALIDOS,1523856,803.724.062.417.919
Distrito Federal,1989,1,DEMAIS,97850,11.413.341.420.456.500
Distrito Federal,1989,1,VALIDOS,759480,8.858.665.857.954.340
Distrito Federal,1989,2,DEMAIS,97850,11.413.341.420.456.500
Distrito Federal,1989,2,VALIDOS,759480,8.858.665.857.954.340
Distrito Federal,1994,1,DEMAIS,247809,23.328.754.988.246.600
Distrito Federal,1994,1,VALIDOS,814438,7.667.124.501.175.330
Distrito Federal,1998,1,DEMAIS,300783,23.722.459.924.680.000
Distrito Federal,1998,1,VALIDOS,967142,7.627.754.007.531.990
Distrito Federal,2002,1,DEMAIS,308503,20.337.486.930.737.100
Distrito Federal,2002,1,VALIDOS,1208415,7.966.251.306.926.280
Distrito Federal,2002,2,DEMAIS,269244,17.731.654.326.126.100
Distrito Federal,2002,2,VALIDOS,1249193,82.268.345.673.873.800
Espirito Santo,2006,1,DEMAIS,2871872,6.146.636.343.050.670
Espirito Santo,2006,1,VALIDOS,1800394,3.853.363.656.949.320
Espirito Santo,2006,2,DEMAIS,2855955,6.112.569.361.419.060
Espirito Santo,2006,2,VALIDOS,1816311,3.887.430.638.580.930
Espirito Santo,2010,1,DEMAIS,596100,23.636.087.519.741.300
Espirito Santo,2010,1,VALIDOS,1925891,7.636.391.248.025.860
Espirito Santo,2010,2,DEMAIS,642603,254.791.695.082.456
Espirito Santo,2010,2,VALIDOS,1879469,745.208.304.917.544
Espirito Santo,2014,1,DEMAIS,678402,25.584.425.526.875.800
Espirito Santo,2014,1,VALIDOS,1973219,7.441.557.447.312.410
Espirito Santo,2014,2,DEMAIS,675751,25.483.459.062.858.700
Espirito Santo,2014,2,VALIDOS,1975973,7.451.654.093.714.120
Espirito Santo,1989,1,DEMAIS,224189,15.925.240.044.638.300
Espirito Santo,1989,1,VALIDOS,1183570,8.407.475.995.536.160
Espirito Santo,1989,2,DEMAIS,224189,15.925.240.044.638.300
Espirito Santo,1989,2,VALIDOS,1183570,8.407.475.995.536.160
Espirito Santo,1994,1,DEMAIS,519907,3.039.096.198.170.480
Espirito Santo,1994,1,VALIDOS,1190822,6.960.903.801.829.510
Espirito Santo,1998,1,DEMAIS,658873,3.437.208.511.313.150
Espirito Santo,1998,1,VALIDOS,1258011,6.562.791.488.686.840
Espirito Santo,2002,2,DEMAIS,555759,2.589.230.930.500.710
Espirito Santo,2002,2,VALIDOS,1590666,7.410.769.069.499.280
Espirito Santo,2002,1,DEMAIS,534429,24.898.563.891.121.200
Espirito Santo,2002,1,VALIDOS,1611996,7.510.143.610.887.870
Goiás,1989,1,DEMAIS,430454,19.566.402.192.762.100
Goiás,1989,1,VALIDOS,1769511,8.043.359.780.723.780
Goiás,1989,2,DEMAIS,430454,19.566.402.192.762.100
Goiás,1989,2,VALIDOS,1769511,8.043.359.780.723.780
Goiás,1994,1,DEMAIS,885968,33.788.528.799.659.200
Goiás,1994,1,VALIDOS,1736129,662.114.712.003.408
Goiás,1998,1,DEMAIS,1057531,3.586.149.155.016.120
Goiás,1998,1,VALIDOS,1891401,6.413.850.844.983.870
Goiás,2002,1,DEMAIS,825565,24.527.697.032.070.300
Goiás,2002,1,VALIDOS,2540283,7.547.230.296.792.960
Goiás,2002,2,DEMAIS,870542,25.863.972.466.968.200
Goiás,2002,2,VALIDOS,2495306,7.413.602.753.303.170
Goiás,2006,1,DEMAIS,4622309,6.189.180.503.911.830
Goiás,2006,1,VALIDOS,2846061,3.810.819.496.088.160
Goiás,2006,2,DEMAIS,4757079,636.963.487.347.306
Goiás,2006,2,VALIDOS,2711291,363.036.512.652.694
Goiás,2010,1,DEMAIS,976119,24.048.784.501.856.600
Goiás,2010,1,VALIDOS,3082793,7.595.121.549.814.330
Goiás,2010,2,DEMAIS,1122482,2.765.396.050.483.020
Goiás,2010,2,VALIDOS,2936546,7.234.603.949.516.970
Goiás,2014,1,DEMAIS,1103282,25.480.930.677.711.800
Goiás,2014,1,VALIDOS,3226552,745.190.693.222.881
Goiás,2014,2,DEMAIS,1146187,2.647.124.712.351.140
Goiás,2014,2,VALIDOS,3183745,7.352.875.287.648.850
M. G. do Sul,1989,1,DEMAIS,182069,18.166.352.700.771.800
M. G. do Sul,1989,1,VALIDOS,820163,8.183.364.729.922.810
M. G. do Sul,1989,2,DEMAIS,182069,18.166.352.700.771.800
M. G. do Sul,1989,2,VALIDOS,820163,8.183.364.729.922.810
M. G. do Sul,1994,1,DEMAIS,355104,3.058.462.397.097.800
M. G. do Sul,1994,1,VALIDOS,805950,694.153.760.290.219
M. G. do Sul,2002,1,DEMAIS,335665,23.776.131.148.562.800
M. G. do Sul,2002,1,VALIDOS,1076108,7.622.386.885.143.710
M. G. do Sul,2002,2,DEMAIS,334638,23.703.385.742.608.700
M. G. do Sul,2002,2,VALIDOS,1077135,7.629.661.425.739.120
M. G. do Sul,2006,1,DEMAIS,1899900,6.084.816.558.746.230
M. G. do Sul,2006,1,VALIDOS,1222462,3.915.183.441.253.760
M. G. do Sul,2006,2,DEMAIS,1930905,6.184.116.383.686.450
M. G. do Sul,2006,2,VALIDOS,1191457,38.158.836.163.135.400
M. G. do Sul,2010,1,DEMAIS,399063,2.346.170.760.156.900
M. G. do Sul,2010,1,VALIDOS,1301849,7.653.829.239.843.090
M. G. do Sul,2010,2,DEMAIS,463391,27.242.605.581.844.300
M. G. do Sul,2010,2,VALIDOS,1237588,7.275.739.441.815.560
M. G. do Sul,2014,1,DEMAIS,466106,25.645.291.830.420.800
M. G. do Sul,2014,1,VALIDOS,1351405,7.435.470.816.957.910
M. G. do Sul,2014,2,DEMAIS,464479,25.555.267.621.690.100
M. G. do Sul,2014,2,VALIDOS,1353068,7.444.473.237.830.980
M. G. do Sul,1998,1,DEMAIS,407237,32.399.930.941.589.100
M. G. do Sul,1998,1,VALIDOS,849670,6.760.006.905.841.080
Maranhão,1989,1,DEMAIS,845090,394.100.408.888.093
Maranhão,1989,1,VALIDOS,1299262,605.899.591.111.907
Maranhão,1989,2,DEMAIS,845090,394.100.408.888.093
Maranhão,1989,2,VALIDOS,1299262,605.899.591.111.907
Maranhão,1994,1,DEMAIS,1353730,5.175.906.968.030.290
Maranhão,1994,1,VALIDOS,1261715,4.824.093.031.969.700
Maranhão,1998,1,DEMAIS,1473524,4.932.738.758.576.910
Maranhão,1998,1,VALIDOS,1513709,5.067.261.241.423.080
Maranhão,2002,1,DEMAIS,1328525,39.178.930.065.230.100
Maranhão,2002,1,VALIDOS,2062392,6.082.106.993.476.980
Maranhão,2002,2,DEMAIS,1289117,3.800.960.385.144.750
Maranhão,2002,2,VALIDOS,2102439,6.199.039.614.855.240
Maranhão,2006,1,DEMAIS,5022618,6.405.407.018.503.250
Maranhão,2006,1,VALIDOS,2818598,35.945.929.814.967.400
Maranhão,2006,2,DEMAIS,5146588,6.563.507.496.796.410
Maranhão,2006,2,VALIDOS,2694628,3.436.492.503.203.580
Maranhão,2010,1,DEMAIS,1376969,3.186.876.438.986.950
Maranhão,2010,1,VALIDOS,2943779,6.813.123.561.013.040
Maranhão,2010,2,DEMAIS,1420010,3.286.599.909.040.510
Maranhão,2010,2,VALIDOS,2900595,6.713.400.090.959.480
Maranhão,2014,1,DEMAIS,1350935,3.004.839.559.203.740
Maranhão,2014,1,VALIDOS,3144929,6.995.160.440.796.250
Maranhão,2014,2,DEMAIS,1352624,30.085.702.471.783.700
Maranhão,2014,2,VALIDOS,3143279,6.991.429.752.821.620
Mato Grosso,1989,1,DEMAIS,287697,2.798.685.178.195.510
Mato Grosso,1989,1,VALIDOS,740275,7.201.314.821.804.480
Mato Grosso,1989,2,DEMAIS,287697,2.798.685.178.195.510
Mato Grosso,1989,2,VALIDOS,740275,7.201.314.821.804.480
Mato Grosso,1994,1,DEMAIS,507629,3.968.821.977.698.930
Mato Grosso,1994,1,VALIDOS,771413,6.031.178.022.301.060
Mato Grosso,2002,1,DEMAIS,478641,27.666.757.994.985.000
Mato Grosso,2002,1,VALIDOS,1251381,7.233.324.200.501.490
Mato Grosso,2002,2,DEMAIS,538227,3.111.099.165.212.920
Mato Grosso,2002,2,VALIDOS,1191795,6.888.900.834.787.070
Mato Grosso,2006,1,DEMAIS,2438904,6.284.960.340.571.150
Mato Grosso,2006,1,VALIDOS,1441636,37.150.396.594.288.400
Mato Grosso,2006,2,DEMAIS,2449379,6.311.954.006.401.170
Mato Grosso,2006,2,VALIDOS,1431161,3.688.045.993.598.820
Mato Grosso,2010,1,DEMAIS,557439,26.620.366.832.980.500
Mato Grosso,2010,1,VALIDOS,1536593,7.337.963.316.701.940
Mato Grosso,2010,2,DEMAIS,601453,287.212.436.816.683
Mato Grosso,2010,2,VALIDOS,1492652,7.127.875.631.833.160
Mato Grosso,2014,1,DEMAIS,629496,2.876.666.317.839.140
Mato Grosso,2014,1,VALIDOS,1558787,7.123.333.682.160.850
Mato Grosso,2014,2,DEMAIS,606117,27.697.493.906.356.600
Mato Grosso,2014,2,VALIDOS,1582229,7.230.250.609.364.330
Mato Grosso,1998,1,DEMAIS,608398,4.011.985.880.189.990
Mato Grosso,1998,1,VALIDOS,908053,5.988.014.119.810.000
Minas Gerais,1989,1,DEMAIS,1676211,1.776.945.507.750.730
Minas Gerais,1989,1,VALIDOS,7756892,8.223.054.492.249.260
Minas Gerais,1989,2,DEMAIS,1676211,1.776.945.507.750.730
Minas Gerais,1989,2,VALIDOS,7756892,8.223.054.492.249.260
Minas Gerais,1994,1,DEMAIS,3560892,3.372.140.163.691.540
Minas Gerais,1994,1,VALIDOS,6998847,6.627.859.836.308.450
Minas Gerais,1998,1,DEMAIS,4226386,3.577.080.439.634.320
Minas Gerais,1998,1,VALIDOS,7588797,6.422.919.560.365.670
Minas Gerais,2002,1,DEMAIS,3267453,25.767.370.020.182.000
Minas Gerais,2002,1,VALIDOS,9413131,7.423.262.997.981.790
Minas Gerais,2002,2,DEMAIS,3071934,24.225.493.084.545.600
Minas Gerais,2002,2,VALIDOS,9608650,7.577.450.691.545.430
Minas Gerais,2006,1,DEMAIS,17138903,6.264.338.907.660.360
Minas Gerais,2006,1,VALIDOS,10220573,3.735.661.092.339.630
Minas Gerais,2006,2,DEMAIS,16915831,6.182.805.182.379.950
Minas Gerais,2006,2,VALIDOS,10443645,3.817.194.817.620.040
Minas Gerais,2010,1,DEMAIS,3728346,25.688.045.708.351.700
Minas Gerais,2010,1,VALIDOS,10785588,7.431.195.429.164.820
Minas Gerais,2010,2,DEMAIS,3871694,2.667.537.451.306.870
Minas Gerais,2010,2,VALIDOS,10642419,7.332.462.548.693.120
Minas Gerais,2014,1,DEMAIS,4129695,27.103.822.131.189.800
Minas Gerais,2014,1,VALIDOS,11106883,7.289.617.786.881.010
Minas Gerais,2014,2,DEMAIS,3828856,2.512.851.035.489.100
Minas Gerais,2014,2,VALIDOS,11408243,7.487.148.964.510.890
Pará,1989,1,DEMAIS,661526,30.250.149.530.009.300
Pará,1989,1,VALIDOS,1525326,6.974.985.046.999.060
Pará,1989,2,DEMAIS,661526,30.250.149.530.009.300
Pará,1989,2,VALIDOS,1525326,6.974.985.046.999.060
Pará,1994,1,DEMAIS,1298179,4.664.455.248.423.440
Pará,1994,1,VALIDOS,1484952,5.335.544.751.576.550
Pará,1998,1,DEMAIS,1423940,4.421.105.707.999.740
Pará,1998,1,VALIDOS,1796838,5.578.894.292.000.250
Pará,2002,1,DEMAIS,1036975,29.054.113.119.327.000
Pará,2002,1,VALIDOS,2532141,7.094.588.688.067.290
Pará,2002,2,DEMAIS,1067237,2.990.018.022.975.160
Pará,2002,2,VALIDOS,2502096,700.998.197.702.484
Pará,2006,1,DEMAIS,5164794,6.211.066.842.884.400
Pará,2006,1,VALIDOS,3150676,3.788.933.157.115.590
Pará,2006,2,DEMAIS,5254752,6.319.248.340.743.210
Pará,2006,2,VALIDOS,3060718,3.680.751.659.256.780
Pará,2010,1,DEMAIS,1216851,2.554.566.190.154.790
Pará,2010,1,VALIDOS,3546584,7.445.433.809.845.200
Pará,2010,2,DEMAIS,1395974,29.305.199.817.531.800
Pará,2010,2,VALIDOS,3367597,7.069.480.018.246.810
Pará,2014,1,DEMAIS,1348276,25.998.630.916.225.500
Pará,2014,1,VALIDOS,3837674,7.400.136.908.377.440
Pará,2014,2,DEMAIS,1521732,2.934.290.211.531.700
Pará,2014,2,VALIDOS,3664299,7.065.709.788.468.290
Paraíba,1989,1,DEMAIS,456226,25.974.811.220.797.700
Paraíba,1989,1,VALIDOS,1300191,740.251.887.792.022
Paraíba,1989,2,DEMAIS,456226,25.974.811.220.797.700
Paraíba,1989,2,VALIDOS,1300191,740.251.887.792.022
Paraíba,1994,1,DEMAIS,883098,4.222.306.797.111.740
Paraíba,1994,1,VALIDOS,1208408,5.777.693.202.888.250
Paraíba,1998,1,DEMAIS,1027779,462.284.870.993.438
Paraíba,1998,1,VALIDOS,1195480,537.715.129.006.562
Paraíba,2002,1,DEMAIS,742868,3.199.165.571.378.610
Paraíba,2002,1,VALIDOS,1579200,6.800.834.428.621.380
Paraíba,2002,2,DEMAIS,594638,2.560.812.172.597.870
Paraíba,2002,2,VALIDOS,1727430,7.439.187.827.402.120
Paraíba,2006,1,DEMAIS,3220878,6.257.130.601.616.460
Paraíba,2006,1,VALIDOS,1926654,3.742.869.398.383.530
Paraíba,2006,2,DEMAIS,3176630,6.171.170.961.151.860
Paraíba,2006,2,VALIDOS,1970902,38.288.290.388.481.300
Paraíba,2010,1,DEMAIS,800327,29.227.009.476.272.400
Paraíba,2010,1,VALIDOS,1937986,7.077.299.052.372.750
Paraíba,2010,2,DEMAIS,741079,27.062.590.450.078.400
Paraíba,2010,2,VALIDOS,1997310,7.293.740.954.992.150
Paraíba,2014,1,DEMAIS,736970,2.599.741.355.772.680
Paraíba,2014,1,VALIDOS,2097812,7.400.258.644.227.310
Paraíba,2014,2,DEMAIS,685976,24.197.708.544.982.500
Paraíba,2014,2,VALIDOS,2148904,758.022.914.550.175
Paraná,1989,1,DEMAIS,768402,15.229.071.675.149.900
Paraná,1989,1,VALIDOS,4277224,8.477.092.832.485.000
Paraná,1989,2,DEMAIS,768402,15.229.071.675.149.900
Paraná,1989,2,VALIDOS,4277224,8.477.092.832.485.000
Paraná,1994,1,DEMAIS,1797847,3.128.650.874.626.300
Paraná,1994,1,VALIDOS,3948550,687.134.912.537.369
Paraná,1998,1,DEMAIS,2177302,3.410.448.591.133.430
Paraná,1998,1,VALIDOS,4206908,6.589.551.408.866.560
Paraná,2002,1,DEMAIS,1596152,23.954.085.771.172.300
Paraná,2002,1,VALIDOS,5067229,7.604.591.422.882.760
Paraná,2002,2,DEMAIS,1716756,257.640.378.060.327
Paraná,2002,2,VALIDOS,4946625,742.359.621.939.673
Paraná,2006,1,DEMAIS,8671096,6.088.177.971.950.730
Paraná,2006,1,VALIDOS,5571418,39.118.220.280.492.600
Paraná,2006,2,DEMAIS,8834394,6.202.833.291.931.460
Paraná,2006,2,VALIDOS,5408120,37.971.667.080.685.300
Paraná,2010,1,DEMAIS,1662998,2.188.731.533.131.280
Paraná,2010,1,VALIDOS,5935001,7.811.268.466.868.710
Paraná,2010,2,DEMAIS,1778832,23.411.432.333.254.400
Paraná,2010,2,VALIDOS,5819302,7.658.856.766.674.550
Paraná,2014,1,DEMAIS,1798859,22.882.837.684.105.800
Paraná,2014,1,VALIDOS,6062312,7.711.716.231.589.410
Paraná,2014,2,DEMAIS,1687747,21.468.478.328.341.900
Paraná,2014,2,VALIDOS,6173765,7.853.152.167.165.800
Pernambuco,1989,1,DEMAIS,937315,2.490.115.279.892.390
Pernambuco,1989,1,VALIDOS,2826828,7.509.884.720.107.600
Pernambuco,1989,2,DEMAIS,937315,2.490.115.279.892.390
Pernambuco,1989,2,VALIDOS,2826828,7.509.884.720.107.600
Pernambuco,1994,1,DEMAIS,1900277,42.531.314.151.373.200
Pernambuco,1994,1,VALIDOS,2567671,5.746.868.584.862.670
Pernambuco,1998,1,DEMAIS,2257748,4.410.439.335.039.360
Pernambuco,1998,1,VALIDOS,2861352,5.589.560.664.960.630
Pernambuco,2002,1,DEMAIS,1827345,33.860.621.750.424.800
Pernambuco,2002,1,VALIDOS,3569322,6.613.937.824.957.510
Pernambuco,2002,2,DEMAIS,1543862,2.860.769.434.171.120
Pernambuco,2002,2,VALIDOS,3852805,7.139.230.565.828.870
Pernambuco,2006,1,DEMAIS,7448680,6.383.293.067.183.680
Pernambuco,2006,1,VALIDOS,4220344,36.167.069.328.163.100
Pernambuco,2006,2,DEMAIS,7513966,6.439.241.191.037.050
Pernambuco,2006,2,VALIDOS,4155058,35.607.588.089.629.400
Pernambuco,2010,1,DEMAIS,1804281,2.883.982.690.487.040
Pernambuco,2010,1,VALIDOS,4451932,711.601.730.951.296
Pernambuco,2010,2,DEMAIS,1685196,2.693.562.287.736.810
Pernambuco,2010,2,VALIDOS,4571188,7.306.437.712.263.180
Pernambuco,2014,1,DEMAIS,1544895,24.314.278.928.758.000
Pernambuco,2014,1,VALIDOS,4808964,7.568.572.107.124.190
Pernambuco,2014,2,DEMAIS,1456656,22.924.709.718.327.700
Pernambuco,2014,2,VALIDOS,4897431,7.707.529.028.167.220
Piauí,1989,1,DEMAIS,369210,27.671.062.039.358.900
Piauí,1989,1,VALIDOS,965072,72.328.937.960.641
Piauí,1989,2,DEMAIS,369210,27.671.062.039.358.900
Piauí,1989,2,VALIDOS,965072,72.328.937.960.641
Piauí,1994,1,DEMAIS,706237,43.296.584.457.328.200
Piauí,1994,1,VALIDOS,924924,5.670.341.554.267.170
Piauí,1998,1,DEMAIS,777516,43.652.471.717.710.400
Piauí,1998,1,VALIDOS,1003634,5.634.752.828.228.950
Piauí,2002,1,DEMAIS,533007,28.837.813.505.658.100
Piauí,2002,1,VALIDOS,1315285,7.116.218.649.434.180
Piauí,2002,2,DEMAIS,489432,26.480.231.478.575.800
Piauí,2002,2,VALIDOS,1358860,735.197.685.214.241
Piauí,2006,1,DEMAIS,2578055,6.216.662.712.008.270
Piauí,2006,1,VALIDOS,1568953,3.783.337.287.991.720
Piauí,2006,2,DEMAIS,2573287,6.205.165.266.138.860
Piauí,2006,2,VALIDOS,1573721,37.948.347.338.611.300
Piauí,2010,1,DEMAIS,639821,28.287.357.937.840.500
Piauí,2010,1,VALIDOS,1622041,717.126.420.621.594
Piauí,2010,2,DEMAIS,672459,29.729.421.454.500.600
Piauí,2010,2,VALIDOS,1589472,702.705.785.454.994
Piauí,2014,1,DEMAIS,595094,2.538.281.475.263.550
Piauí,2014,1,VALIDOS,1749382,7.461.718.524.736.440
Piauí,2014,2,DEMAIS,575525,24.547.825.660.427.200
Piauí,2014,2,VALIDOS,1768980,7.545.217.433.957.270
R. G. do Norte,1989,1,DEMAIS,318604,24.544.098.705.172.500
R. G. do Norte,1989,1,VALIDOS,979484,7.545.590.129.482.740
R. G. do Norte,1989,2,DEMAIS,318604,24.544.098.705.172.500
R. G. do Norte,1989,2,VALIDOS,979484,7.545.590.129.482.740
R. G. do Norte,1994,1,DEMAIS,547479,36.716.155.459.817.900
R. G. do Norte,1994,1,VALIDOS,943633,6.328.384.454.018.200
R. G. do Norte,1998,1,DEMAIS,692194,40.034.933.992.683.500
R. G. do Norte,1998,1,VALIDOS,1036781,5.996.506.600.731.640
R. G. do Norte,2002,1,DEMAIS,585972,30.561.046.259.952.300
R. G. do Norte,2002,1,VALIDOS,1331410,6.943.895.374.004.760
R. G. do Norte,2002,2,DEMAIS,583807,30.448.131.879.823.600
R. G. do Norte,2002,2,VALIDOS,1333575,6.955.186.812.017.630
R. G. do Norte,2006,1,DEMAIS,2618743,623.170.758.405.897
R. G. do Norte,2006,1,VALIDOS,1583545,376.829.241.594.103
R. G. do Norte,2006,2,DEMAIS,2625926,6.248.800.653.358.360
R. G. do Norte,2006,2,VALIDOS,1576362,3.751.199.346.641.630
R. G. do Norte,2010,1,DEMAIS,609952,27.167.962.442.903.800
R. G. do Norte,2010,1,VALIDOS,1635163,7.283.203.755.709.610
R. G. do Norte,2010,2,DEMAIS,599676,26.709.555.695.905.900
R. G. do Norte,2010,2,VALIDOS,1645498,7.329.044.430.409.400
R. G. do Norte,2014,1,DEMAIS,662513,28.475.794.759.954.800
R. G. do Norte,2014,1,VALIDOS,1664070,7.152.420.524.004.510
R. G. do Norte,2014,2,DEMAIS,609072,2.617.796.591.593.350
R. G. do Norte,2014,2,VALIDOS,1717587,7.382.203.408.406.640
R. G. do Sul,1989,1,DEMAIS,493272,8.653.194.890.729.010
R. G. do Sul,1989,1,VALIDOS,5207189,9.134.680.510.927.090
R. G. do Sul,1989,2,DEMAIS,493272,8.653.194.890.729.010
R. G. do Sul,1989,2,VALIDOS,5207189,9.134.680.510.927.090
R. G. do Sul,1994,1,DEMAIS,1485561,23.595.235.784.632.800
R. G. do Sul,1994,1,VALIDOS,4810460,7.640.476.421.536.710
R. G. do Sul,1998,1,DEMAIS,1829171,2.671.852.799.785.920
R. G. do Sul,1998,1,VALIDOS,5016906,7.328.147.200.214.070
R. G. do Sul,2002,1,DEMAIS,1448379,1.970.010.360.250.260
R. G. do Sul,2002,1,VALIDOS,5903760,8.029.989.639.749.730
R. G. do Sul,2002,2,DEMAIS,1446676,19.676.940.275.476.200
R. G. do Sul,2002,2,VALIDOS,5905463,803.230.597.245.237
R. G. do Sul,2006,1,DEMAIS,9294425,5.995.952.175.468.600
R. G. do Sul,2006,1,VALIDOS,6206741,4.004.047.824.531.390
R. G. do Sul,2006,2,DEMAIS,9203592,5.937.354.648.030.990
R. G. do Sul,2006,2,VALIDOS,6297574,40.626.453.519.690.000
R. G. do Sul,2010,1,DEMAIS,1701789,20.990.175.823.769.200
R. G. do Sul,2010,1,VALIDOS,6405761,7.900.982.417.623.070
R. G. do Sul,2010,2,DEMAIS,1752817,21.618.937.848.006.500
R. G. do Sul,2010,2,VALIDOS,6354968,7.838.106.215.199.340
R. G. do Sul,2014,1,DEMAIS,2017845,24.064.280.176.486.500
R. G. do Sul,2014,1,VALIDOS,6367384,7.593.571.982.351.340
R. G. do Sul,2014,2,DEMAIS,1935841,23.085.146.826.914.900
R. G. do Sul,2014,2,VALIDOS,6449815,7.691.485.317.308.500
Rio de Janeiro,1989,1,DEMAIS,795044,9.699.743.074.736.220
Rio de Janeiro,1989,1,VALIDOS,7401503,9.030.025.692.526.370
Rio de Janeiro,1989,2,DEMAIS,795044,9.699.743.074.736.220
Rio de Janeiro,1989,2,VALIDOS,7401503,9.030.025.692.526.370
Rio de Janeiro,1994,1,DEMAIS,2553065,2.796.539.258.501.100
Rio de Janeiro,1994,1,VALIDOS,6576308,7.203.460.741.498.890
Rio de Janeiro,1998,1,DEMAIS,3234442,3.243.579.162.500.760
Rio de Janeiro,1998,1,VALIDOS,6737388,6.756.420.837.499.230
Rio de Janeiro,2002,1,DEMAIS,2037513,1.994.917.911.732.270
Rio de Janeiro,2002,1,VALIDOS,8176005,8.005.082.088.267.720
Rio de Janeiro,2002,2,DEMAIS,2212942,21.666.794.928.055.100
Rio de Janeiro,2002,2,VALIDOS,8000576,7.833.320.507.194.480
Rio de Janeiro,2006,1,DEMAIS,13460053,6.179.272.286.587.090
Rio de Janeiro,2006,1,VALIDOS,8322533,3.820.727.713.412.900
Rio de Janeiro,2006,2,DEMAIS,13843815,6.355.450.633.822.810
Rio de Janeiro,2006,2,VALIDOS,7938771,3.644.549.366.177.180
Rio de Janeiro,2010,1,DEMAIS,3039008,2.623.434.241.622.750
Rio de Janeiro,2010,1,VALIDOS,8545075,7.376.565.758.377.240
Rio de Janeiro,2010,2,DEMAIS,3426467,29.578.196.951.340.300
Rio de Janeiro,2010,2,VALIDOS,8157968,7.042.180.304.865.960
Rio de Janeiro,2014,1,DEMAIS,3794315,31.268.967.187.039.400
Rio de Janeiro,2014,1,VALIDOS,8340128,6.873.103.281.296.050
Rio de Janeiro,2014,2,DEMAIS,3965690,32.679.874.290.490.000
Rio de Janeiro,2014,2,VALIDOS,8169271,673.201.257.095.099
Rondônia,1989,1,DEMAIS,171047,30.665.619.660.762.900
Rondônia,1989,1,VALIDOS,386734,6.933.438.033.923.700
Rondônia,1989,2,DEMAIS,171047,30.665.619.660.762.900
Rondônia,1989,2,VALIDOS,386734,6.933.438.033.923.700
Rondônia,1994,1,DEMAIS,282605,40.834.919.162.451.000
Rondônia,1994,1,VALIDOS,409462,5.916.508.083.754.890
Rondônia,1998,1,DEMAIS,348650,416.956.178.043.218
Rondônia,1998,1,VALIDOS,487529,583.043.821.956.782
Rondônia,2002,1,DEMAIS,253574,2.873.213.263.912.880
Rondônia,2002,1,VALIDOS,628971,7.126.786.736.087.110
Rondônia,2002,2,DEMAIS,280961,31.844.482.149.313.500
Rondônia,2002,2,VALIDOS,601330,6.815.551.785.068.640
Rondônia,2006,1,DEMAIS,1245842,6.300.844.298.833.430
Rondônia,2006,1,VALIDOS,731420,36.991.557.011.665.600
Rondônia,2006,2,DEMAIS,1259129,6.368.043.284.096.890
Rondônia,2006,2,VALIDOS,718133,36.319.567.159.031.000
Rondônia,2010,1,DEMAIS,288684,2.677.094.963.777.920
Rondônia,2010,1,VALIDOS,789664,7.322.905.036.222.070
Rondônia,2010,2,DEMAIS,345529,3.204.083.449.400.130
Rondônia,2010,2,VALIDOS,732873,6.795.916.550.599.860
Rondônia,2014,1,DEMAIS,298820,26.526.362.136.951.300
Rondônia,2014,1,VALIDOS,827682,7.347.363.786.304.860
Rondônia,2014,2,DEMAIS,320138,28.417.759.834.963.900
Rondônia,2014,2,VALIDOS,806404,7.158.224.016.503.600
Roraima,1989,1,DEMAIS,19204,26.306.488.952.206.100
Roraima,1989,1,VALIDOS,53797,7.369.351.104.779.380
Roraima,1989,2,DEMAIS,19204,26.306.488.952.206.100
Roraima,1989,2,VALIDOS,53797,7.369.351.104.779.380
Roraima,1994,1,DEMAIS,35174,29.339.049.779.794.400
Roraima,1994,1,VALIDOS,84714,7.066.095.022.020.550
Roraima,1998,1,DEMAIS,54724,3.207.361.387.879.490
Roraima,1998,1,VALIDOS,115896,6.792.638.612.120.500
Roraima,2002,1,DEMAIS,48507,23.262.070.553.029.800
Roraima,2002,1,VALIDOS,160017,7.673.792.944.697.010
Roraima,2002,2,DEMAIS,49745,23.855.767.201.856.800
Roraima,2002,2,VALIDOS,158779,7.614.423.279.814.310
Roraima,2006,1,DEMAIS,278170,5.954.083.117.861.600
Roraima,2006,1,VALIDOS,189022,4.045.916.882.138.390
Roraima,2006,2,DEMAIS,293370,6.279.431.154.643.050
Roraima,2006,2,VALIDOS,173822,3.720.568.845.356.940
Roraima,2010,1,DEMAIS,48975,18.032.297.971.987.800
Roraima,2010,1,VALIDOS,222621,8.196.770.202.801.210
Roraima,2010,2,DEMAIS,58427,21.511.912.607.739.900
Roraima,2010,2,VALIDOS,213176,7.848.808.739.226.000
Roraima,2014,1,DEMAIS,49821,16.639.669.217.229.800
Roraima,2014,1,VALIDOS,249590,8.336.033.078.277.010
Roraima,2014,2,DEMAIS,62613,20.911.498.602.293.100
Roraima,2014,2,VALIDOS,236806,7.908.850.139.770.680
Santa Catarina,1989,1,DEMAIS,318854,11.679.993.084.036.200
Santa Catarina,1989,1,VALIDOS,2411062,8.832.000.691.596.370
Santa Catarina,1989,2,DEMAIS,318854,11.679.993.084.036.200
Santa Catarina,1989,2,VALIDOS,2411062,8.832.000.691.596.370
Santa Catarina,2006,1,DEMAIS,4999368,5.996.610.287.405.880
Santa Catarina,2006,1,VALIDOS,3337622,40.033.897.125.941.100
Santa Catarina,2006,2,DEMAIS,5078870,6.091.970.843.194.000
Santa Catarina,2006,2,VALIDOS,3258120,3.908.029.156.805.990
Santa Catarina,2010,1,DEMAIS,913589,20.137.663.394.550.800
Santa Catarina,2010,1,VALIDOS,3623129,7.986.233.660.544.910
Santa Catarina,2010,2,DEMAIS,950468,20.950.051.236.226.800
Santa Catarina,2010,2,VALIDOS,3586361,7.904.994.876.377.310
Santa Catarina,2014,1,DEMAIS,1147812,23.638.289.757.342.400
Santa Catarina,2014,1,VALIDOS,3707920,7.636.171.024.265.750
Santa Catarina,2014,2,DEMAIS,1033064,21.274.185.015.458.300
Santa Catarina,2014,2,VALIDOS,3822887,7.872.581.498.454.160
Santa Catarina,1994,1,DEMAIS,780877,24.732.507.941.937.500
Santa Catarina,1994,1,VALIDOS,2376413,7.526.749.205.806.240
Santa Catarina,1998,1,DEMAIS,977219,2.778.707.755.406.810
Santa Catarina,1998,1,VALIDOS,2539592,7.221.292.244.593.180
Santa Catarina,2002,1,DEMAIS,779517,20.417.032.698.494.000
Santa Catarina,2002,1,VALIDOS,3038457,7.958.296.730.150.590
Santa Catarina,2002,2,DEMAIS,832788,21.812.301.498.124.300
Santa Catarina,2002,2,VALIDOS,2985186,781.876.985.018.756
São Paulo,1989,1,DEMAIS,1759636,9.511.042.117.768.890
São Paulo,1989,1,VALIDOS,16741344,904.889.578.822.311
São Paulo,1989,2,DEMAIS,1759636,9.511.042.117.768.890
São Paulo,1989,2,VALIDOS,16741344,904.889.578.822.311
São Paulo,1994,1,DEMAIS,5204668,25.052.564.403.036.300
São Paulo,1994,1,VALIDOS,15570323,7.494.743.559.696.360
São Paulo,1998,1,DEMAIS,7062216,30.282.602.392.329.600
São Paulo,1998,1,VALIDOS,16258818,697.173.976.076.704
São Paulo,2002,1,DEMAIS,5906150,23.020.942.093.900.600
São Paulo,2002,1,VALIDOS,19749403,7.697.905.790.609.930
São Paulo,2002,2,DEMAIS,5318084,20.728.783.355.400.600
São Paulo,2002,2,VALIDOS,20337469,7.927.121.664.459.930
São Paulo,2006,1,DEMAIS,34065947,607.506.965.226.387
São Paulo,2006,1,VALIDOS,22009043,39.249.303.477.361.200
São Paulo,2006,2,DEMAIS,33693754,600.864.427.917.035
São Paulo,2006,2,VALIDOS,22381714,3.991.355.720.829.650
São Paulo,2010,1,DEMAIS,6863424,2.265.924.980.561.880
São Paulo,2010,1,VALIDOS,23426299,7.734.075.019.438.110
São Paulo,2010,2,DEMAIS,7519513,24.824.704.610.625.800
São Paulo,2010,2,VALIDOS,22770930,7.517.529.538.937.410
São Paulo,2014,1,DEMAIS,9021207,282.091.520.697.322
São Paulo,2014,1,VALIDOS,22958510,717.908.479.302.678
São Paulo,2014,2,DEMAIS,8196169,25.628.372.312.035.100
São Paulo,2014,2,VALIDOS,23784672,743.716.276.879.648
Sergipe,1989,1,DEMAIS,182192,2.347.620.256.394.060
Sergipe,1989,1,VALIDOS,593879,7.652.379.743.605.930
Sergipe,1989,2,DEMAIS,182192,2.347.620.256.394.060
Sergipe,1989,2,VALIDOS,593879,7.652.379.743.605.930
Sergipe,1994,1,DEMAIS,370204,3.928.952.736.334.240
Sergipe,1994,1,VALIDOS,572042,6.071.047.263.665.750
Sergipe,1998,1,DEMAIS,453649,41.960.323.288.978.800
Sergipe,1998,1,VALIDOS,627489,5.803.967.671.102.110
Sergipe,2002,1,DEMAIS,340302,29.644.761.497.404.400
Sergipe,2002,1,VALIDOS,807631,7.035.523.850.259.550
Sergipe,2002,2,DEMAIS,294021,2.561.308.020.590.050
Sergipe,2002,2,VALIDOS,853912,7.438.691.979.409.940
Sergipe,2006,1,DEMAIS,1593105,6.128.340.456.306.230
Sergipe,2006,1,VALIDOS,1006465,38.716.595.436.937.600
Sergipe,2006,2,DEMAIS,1583336,6.090.761.164.346.410
Sergipe,2006,2,VALIDOS,1016234,3.909.238.835.653.580
Sergipe,2010,1,DEMAIS,362080,2.540.316.866.081.910
Sergipe,2010,1,VALIDOS,1063254,7.459.683.133.918.080
Sergipe,2010,2,DEMAIS,363217,2.548.249.248.084.160
Sergipe,2010,2,VALIDOS,1062142,7.451.750.751.915.830
Sergipe,2014,1,DEMAIS,358381,2.465.477.020.109.420
Sergipe,2014,1,VALIDOS,1095216,7.534.522.979.890.570
Sergipe,2014,2,DEMAIS,301158,20.717.608.915.042.500
Sergipe,2014,2,VALIDOS,1152475,7.928.239.108.495.740
Tocantins,1989,1,DEMAIS,175060,3.772.357.022.798.770
Tocantins,1989,1,VALIDOS,"2,89E+05",6.227.642.977.201.220
Tocantins,1989,2,DEMAIS,175060,3.772.357.022.798.770
Tocantins,1989,2,VALIDOS,"2,89E+05",6.227.642.977.201.220
Tocantins,1994,1,DEMAIS,303060,4.676.325.043.629.340
Tocantins,1994,1,VALIDOS,345013,5.323.674.956.370.650
Tocantins,1998,1,DEMAIS,226324,36.249.887.882.321.200
Tocantins,1998,1,VALIDOS,398020,6.375.011.211.767.870
Tocantins,2002,1,DEMAIS,262730,3.345.187.211.053.770
Tocantins,2002,1,VALIDOS,522667,6.654.812.788.946.220
Tocantins,2002,2,DEMAIS,251643,3.204.022.933.624.650
Tocantins,2002,2,VALIDOS,533754,6.795.977.066.375.340
Tocantins,2006,1,DEMAIS,1096528,6.211.018.569.706.630
Tocantins,2006,1,VALIDOS,668928,37.889.814.302.933.600
Tocantins,2006,2,DEMAIS,1127816,6.388.241.904.641.060
Tocantins,2006,2,VALIDOS,637640,3.611.758.095.358.930
Tocantins,2010,1,DEMAIS,237042,25.006.909.967.866.000
Tocantins,2010,1,VALIDOS,710864,7.499.309.003.213.390
Tocantins,2010,2,DEMAIS,283343,2.989.077.229.494.220
Tocantins,2010,2,VALIDOS,664585,7.010.922.770.505.770
Tocantins,2014,1,DEMAIS,263119,2.640.752.163.584.330
Tocantins,2014,1,VALIDOS,733260,7.359.247.836.415.660
Tocantins,2014,2,DEMAIS,275880,27.687.953.512.178.900
Tocantins,2014,2,VALIDOS,720510,7.231.204.648.782.100