{"end_time": 1596046543.903091, "report": {"2020-07-29T18:14:05Z": {"replicas": 5, "real_output_flux": 3.5, "input_flux": 3.0, "error": 0.3333333333333335, "lease_expired_count": 2, "expected_output_flux": 3.3333333333333335, "queue_size": 0}, "2020-07-29T18:16:35Z": {"replicas": 1, "real_output_flux": 0.0, "input_flux": 0.0, "error": 0.6666666666666666, "lease_expired_count": 3, "expected_output_flux": 0.6666666666666666, "queue_size": 0}, "2020-07-29T18:16:37Z": {"replicas": 1, "real_output_flux": 0.0, "input_flux": 0.0, "error": 0.6666666666666666, "lease_expired_count": 3, "expected_output_flux": 0.6666666666666666, "queue_size": 0}, "2020-07-29T18:12:20Z": {"replicas": 5, "real_output_flux": 3.0, "input_flux": 3.5, "error": -0.16666666666666652, "lease_expired_count": 1, "expected_output_flux": 3.3333333333333335, "queue_size": 0}, "2020-07-29T18:12:00Z": {"replicas": 6, "real_output_flux": 3.5, "input_flux": 3.0, "error": 1.0, "lease_expired_count": 0, "expected_output_flux": 4.0, "queue_size": 0}, "2020-07-29T18:12:40Z": {"replicas": 5, "real_output_flux": 3.0, "input_flux": 3.5, "error": -0.16666666666666652, "lease_expired_count": 1, "expected_output_flux": 3.3333333333333335, "queue_size": 0}, "2020-07-29T18:14:36Z": {"replicas": 5, "real_output_flux": 3.5, "input_flux": 3.0, "error": 0.3333333333333335, "lease_expired_count": 3, "expected_output_flux": 3.3333333333333335, "queue_size": 0}, "2020-07-29T18:15:00Z": {"replicas": 4, "real_output_flux": 3.5, "input_flux": 3.0, "error": -0.3333333333333335, "lease_expired_count": 3, "expected_output_flux": 2.6666666666666665, "queue_size": 0}, "2020-07-29T18:12:07Z": {"replicas": 6, "real_output_flux": 2.5, "input_flux": 3.0, "error": 1.0, "lease_expired_count": 0, "expected_output_flux": 4.0, "queue_size": 0}, "2020-07-29T18:10:37Z": {"replicas": 1, "real_output_flux": 0.0, "input_flux": 0.0, "error": 0.6666666666666666, "lease_expired_count": 0, "expected_output_flux": 0.6666666666666666, "queue_size": 1}, "2020-07-29T18:13:41Z": {"replicas": 5, "real_output_flux": 3.5, "input_flux": 3.0, "error": 0.3333333333333335, "lease_expired_count": 2, "expected_output_flux": 3.3333333333333335, "queue_size": 0}, "2020-07-29T18:13:59Z": {"replicas": 5, "real_output_flux": 3.5, "input_flux": 3.0, "error": 0.3333333333333335, "lease_expired_count": 2, "expected_output_flux": 3.3333333333333335, "queue_size": 0}, "2020-07-29T18:15:54Z": {"replicas": 1, "real_output_flux": 0.0, "input_flux": 0.0, "error": 0.6666666666666666, "lease_expired_count": 3, "expected_output_flux": 0.6666666666666666, "queue_size": 0}, "2020-07-29T18:16:11Z": {"replicas": 1, "real_output_flux": 0.0, "input_flux": 0.0, "error": 0.6666666666666666, "lease_expired_count": 3, "expected_output_flux": 0.6666666666666666, "queue_size": 0}, "2020-07-29T18:13:11Z": {"replicas": 5, "real_output_flux": 2.5, "input_flux": 3.5, "error": -0.16666666666666652, "lease_expired_count": 2, "expected_output_flux": 3.3333333333333335, "queue_size": 0}, "2020-07-29T18:16:13Z": {"replicas": 1, "real_output_flux": 0.0, "input_flux": 0.0, "error": 0.6666666666666666, "lease_expired_count": 3, "expected_output_flux": 0.6666666666666666, "queue_size": 0}, "2020-07-29T18:13:09Z": {"replicas": 5, "real_output_flux": 3.5, "input_flux": 3.0, "error": 0.3333333333333335, "lease_expired_count": 2, "expected_output_flux": 3.3333333333333335, "queue_size": 0}, "2020-07-29T18:16:22Z": {"replicas": 1, "real_output_flux": 0.0, "input_flux": 0.0, "error": 0.6666666666666666, "lease_expired_count": 3, "expected_output_flux": 0.6666666666666666, "queue_size": 0}, "2020-07-29T18:14:58Z": {"replicas": 4, "real_output_flux": 3.0, "input_flux": 3.0, "error": -0.3333333333333335, "lease_expired_count": 3, "expected_output_flux": 2.6666666666666665, "queue_size": 0}, "2020-07-29T18:15:28Z": {"replicas": 4, "real_output_flux": 4.0, "input_flux": 3.5, "error": -0.8333333333333335, "lease_expired_count": 3, "expected_output_flux": 2.6666666666666665, "queue_size": 0}, "2020-07-29T18:13:44Z": {"replicas": 5, "real_output_flux": 3.0, "input_flux": 3.5, "error": -0.16666666666666652, "lease_expired_count": 2, "expected_output_flux": 3.3333333333333335, "queue_size": 0}, "2020-07-29T18:10:55Z": {"replicas": 6, "real_output_flux": 3.0, "input_flux": 3.5, "error": 0.5, "lease_expired_count": 0, "expected_output_flux": 4.0, "queue_size": 36}, "2020-07-29T18:13:55Z": {"replicas": 5, "real_output_flux": 3.5, "input_flux": 3.5, "error": -0.16666666666666652, "lease_expired_count": 2, "expected_output_flux": 3.3333333333333335, "queue_size": 0}, "2020-07-29T18:14:53Z": {"replicas": 4, "real_output_flux": 3.5, "input_flux": 3.0, "error": -0.3333333333333335, "lease_expired_count": 3, "expected_output_flux": 2.6666666666666665, "queue_size": 0}, "2020-07-29T18:13:04Z": {"replicas": 5, "real_output_flux": 3.5, "input_flux": 3.0, "error": 0.3333333333333335, "lease_expired_count": 2, "expected_output_flux": 3.3333333333333335, "queue_size": 0}, "2020-07-29T18:15:11Z": {"replicas": 4, "real_output_flux": 3.0, "input_flux": 3.5, "error": -0.8333333333333335, "lease_expired_count": 3, "expected_output_flux": 2.6666666666666665, "queue_size": 0}, "2020-07-29T18:15:13Z": {"replicas": 4, "real_output_flux": 3.5, "input_flux": 3.0, "error": -0.3333333333333335, "lease_expired_count": 3, "expected_output_flux": 2.6666666666666665, "queue_size": 0}, "2020-07-29T18:12:22Z": {"replicas": 5, "real_output_flux": 3.0, "input_flux": 3.0, "error": 0.3333333333333335, "lease_expired_count": 1, "expected_output_flux": 3.3333333333333335, "queue_size": 0}, "2020-07-29T18:13:52Z": {"replicas": 5, "real_output_flux": 3.5, "input_flux": 3.0, "error": 0.3333333333333335, "lease_expired_count": 2, "expected_output_flux": 3.3333333333333335, "queue_size": 0}, "2020-07-29T18:14:29Z": {"replicas": 5, "real_output_flux": 3.5, "input_flux": 3.0, "error": 0.3333333333333335, "lease_expired_count": 3, "expected_output_flux": 3.3333333333333335, "queue_size": 0}, "2020-07-29T18:15:30Z": {"replicas": 6, "real_output_flux": 3.5, "input_flux": 3.0, "error": 1.0, "lease_expired_count": 3, "expected_output_flux": 4.0, "queue_size": 0}, "2020-07-29T18:11:36Z": {"replicas": 6, "real_output_flux": 3.0, "input_flux": 3.0, "error": 1.0, "lease_expired_count": 0, "expected_output_flux": 4.0, "queue_size": 0}, "2020-07-29T18:15:37Z": {"replicas": 5, "real_output_flux": 3.0, "input_flux": 3.5, "error": -0.16666666666666652, "lease_expired_count": 3, "expected_output_flux": 3.3333333333333335, "queue_size": 0}, "2020-07-29T18:10:49Z": {"replicas": 4, "real_output_flux": 0.0, "input_flux": 3.5, "error": -0.8333333333333335, "lease_expired_count": 0, "expected_output_flux": 2.6666666666666665, "queue_size": 30}, "2020-07-29T18:14:01Z": {"replicas": 5, "real_output_flux": 3.0, "input_flux": 3.0, "error": 0.3333333333333335, "lease_expired_count": 2, "expected_output_flux": 3.3333333333333335, "queue_size": 0}, "2020-07-29T18:13:57Z": {"replicas": 5, "real_output_flux": 3.0, "input_flux": 3.5, "error": -0.16666666666666652, "lease_expired_count": 2, "expected_output_flux": 3.3333333333333335, "queue_size": 0}, "2020-07-29T18:16:07Z": {"replicas": 1, "real_output_flux": 0.0, "input_flux": 0.0, "error": 0.6666666666666666, "lease_expired_count": 3, "expected_output_flux": 0.6666666666666666, "queue_size": 0}, "2020-07-29T18:10:44Z": {"replicas": 6, "real_output_flux": 0.0, "input_flux": 3.0, "error": 1.0, "lease_expired_count": 0, "expected_output_flux": 4.0, "queue_size": 17}, "2020-07-29T18:15:39Z": {"replicas": 5, "real_output_flux": 3.5, "input_flux": 3.0, "error": 0.3333333333333335, "lease_expired_count": 3, "expected_output_flux": 3.3333333333333335, "queue_size": 0}, "2020-07-29T18:16:29Z": {"replicas": 1, "real_output_flux": 0.0, "input_flux": 0.0, "error": 0.6666666666666666, "lease_expired_count": 3, "expected_output_flux": 0.6666666666666666, "queue_size": 0}, "2020-07-29T18:14:21Z": {"replicas": 5, "real_output_flux": 3.5, "input_flux": 3.0, "error": 0.3333333333333335, "lease_expired_count": 2, "expected_output_flux": 3.3333333333333335, "queue_size": 0}, "2020-07-29T18:10:51Z": {"replicas": 6, "real_output_flux": 1.0, "input_flux": 3.5, "error": 0.5, "lease_expired_count": 0, "expected_output_flux": 4.0, "queue_size": 31}, "2020-07-29T18:11:58Z": {"replicas": 6, "real_output_flux": 2.0, "input_flux": 3.5, "error": 0.5, "lease_expired_count": 0, "expected_output_flux": 4.0, "queue_size": 0}, "2020-07-29T18:12:11Z": {"replicas": 5, "real_output_flux": 5.0, "input_flux": 3.0, "error": 0.3333333333333335, "lease_expired_count": 0, "expected_output_flux": 3.3333333333333335, "queue_size": 0}, "2020-07-29T18:13:15Z": {"replicas": 5, "real_output_flux": 3.0, "input_flux": 3.5, "error": -0.16666666666666652, "lease_expired_count": 2, "expected_output_flux": 3.3333333333333335, "queue_size": 0}, "2020-07-29T18:16:20Z": {"replicas": 1, "real_output_flux": 0.0, "input_flux": 0.0, "error": 0.6666666666666666, "lease_expired_count": 3, "expected_output_flux": 0.6666666666666666, "queue_size": 0}, "2020-07-29T18:16:00Z": {"replicas": 1, "real_output_flux": 0.0, "input_flux": 0.0, "error": 0.6666666666666666, "lease_expired_count": 3, "expected_output_flux": 0.6666666666666666, "queue_size": 0}, "2020-07-29T18:14:38Z": {"replicas": 5, "real_output_flux": 3.0, "input_flux": 3.5, "error": -0.16666666666666652, "lease_expired_count": 3, "expected_output_flux": 3.3333333333333335, "queue_size": 0}, "2020-07-29T18:11:13Z": {"replicas": 5, "real_output_flux": 7.0, "input_flux": 3.5, "error": -0.16666666666666652, "lease_expired_count": 0, "expected_output_flux": 3.3333333333333335, "queue_size": 13}, "2020-07-29T18:14:03Z": {"replicas": 5, "real_output_flux": 3.0, "input_flux": 3.5, "error": -0.16666666666666652, "lease_expired_count": 2, "expected_output_flux": 3.3333333333333335, "queue_size": 0}, "2020-07-29T18:15:52Z": {"replicas": 1, "real_output_flux": 0.0, "input_flux": 0.0, "error": 0.6666666666666666, "lease_expired_count": 3, "expected_output_flux": 0.6666666666666666, "queue_size": 0}, "2020-07-29T18:12:49Z": {"replicas": 5, "real_output_flux": 3.0, "input_flux": 3.5, "error": -0.16666666666666652, "lease_expired_count": 1, "expected_output_flux": 3.3333333333333335, "queue_size": 0}, "2020-07-29T18:12:53Z": {"replicas": 4, "real_output_flux": 2.5, "input_flux": 3.0, "error": -0.3333333333333335, "lease_expired_count": 1, "expected_output_flux": 2.6666666666666665, "queue_size": 0}, "2020-07-29T18:15:26Z": {"replicas": 4, "real_output_flux": 3.5, "input_flux": 3.0, "error": -0.3333333333333335, "lease_expired_count": 3, "expected_output_flux": 2.6666666666666665, "queue_size": 0}, "2020-07-29T18:14:40Z": {"replicas": 5, "real_output_flux": 3.5, "input_flux": 3.0, "error": 0.3333333333333335, "lease_expired_count": 3, "expected_output_flux": 3.3333333333333335, "queue_size": 0}, "2020-07-29T18:16:03Z": {"replicas": 1, "real_output_flux": 0.0, "input_flux": 0.0, "error": 0.6666666666666666, "lease_expired_count": 3, "expected_output_flux": 0.6666666666666666, "queue_size": 0}, "2020-07-29T18:11:06Z": {"replicas": 5, "real_output_flux": 4.0, "input_flux": 3.5, "error": -0.16666666666666652, "lease_expired_count": 0, "expected_output_flux": 3.3333333333333335, "queue_size": 26}, "2020-07-29T18:15:21Z": {"replicas": 6, "real_output_flux": 2.5, "input_flux": 3.5, "error": 0.5, "lease_expired_count": 3, "expected_output_flux": 4.0, "queue_size": 0}, "2020-07-29T18:16:39Z": {"replicas": 1, "real_output_flux": 0.0, "input_flux": 0.0, "error": 0.6666666666666666, "lease_expired_count": 3, "expected_output_flux": 0.6666666666666666, "queue_size": 0}, "2020-07-29T18:11:30Z": {"replicas": 4, "real_output_flux": 3.0, "input_flux": 3.0, "error": -0.3333333333333335, "lease_expired_count": 0, "expected_output_flux": 2.6666666666666665, "queue_size": 0}, "2020-07-29T18:12:09Z": {"replicas": 6, "real_output_flux": 3.0, "input_flux": 3.5, "error": 0.5, "lease_expired_count": 0, "expected_output_flux": 4.0, "queue_size": 0}, "2020-07-29T18:16:24Z": {"replicas": 1, "real_output_flux": 0.0, "input_flux": 0.0, "error": 0.6666666666666666, "lease_expired_count": 3, "expected_output_flux": 0.6666666666666666, "queue_size": 0}, "2020-07-29T18:16:09Z": {"replicas": 1, "real_output_flux": 0.0, "input_flux": 0.0, "error": 0.6666666666666666, "lease_expired_count": 3, "expected_output_flux": 0.6666666666666666, "queue_size": 0}, "2020-07-29T18:14:08Z": {"replicas": 5, "real_output_flux": 3.0, "input_flux": 3.5, "error": -0.16666666666666652, "lease_expired_count": 2, "expected_output_flux": 3.3333333333333335, "queue_size": 0}, "2020-07-29T18:15:43Z": {"replicas": 5, "real_output_flux": 2.0, "input_flux": 3.5, "error": -0.16666666666666652, "lease_expired_count": 3, "expected_output_flux": 3.3333333333333335, "queue_size": 0}, "2020-07-29T18:15:58Z": {"replicas": 1, "real_output_flux": 0.0, "input_flux": 0.0, "error": 0.6666666666666666, "lease_expired_count": 3, "expected_output_flux": 0.6666666666666666, "queue_size": 0}, "2020-07-29T18:12:03Z": {"replicas": 4, "real_output_flux": 3.5, "input_flux": 3.0, "error": -0.3333333333333335, "lease_expired_count": 0, "expected_output_flux": 2.6666666666666665, "queue_size": 0}, "2020-07-29T18:12:24Z": {"replicas": 5, "real_output_flux": 3.0, "input_flux": 3.0, "error": 0.3333333333333335, "lease_expired_count": 1, "expected_output_flux": 3.3333333333333335, "queue_size": 0}, "2020-07-29T18:12:27Z": {"replicas": 4, "real_output_flux": 2.5, "input_flux": 3.5, "error": -0.8333333333333335, "lease_expired_count": 1, "expected_output_flux": 2.6666666666666665, "queue_size": 0}, "2020-07-29T18:11:24Z": {"replicas": 5, "real_output_flux": 3.0, "input_flux": 3.5, "error": -0.16666666666666652, "lease_expired_count": 0, "expected_output_flux": 3.3333333333333335, "queue_size": 0}, "2020-07-29T18:13:28Z": {"replicas": 5, "real_output_flux": 3.5, "input_flux": 3.0, "error": 0.3333333333333335, "lease_expired_count": 2, "expected_output_flux": 3.3333333333333335, "queue_size": 0}, "2020-07-29T18:15:56Z": {"replicas": 1, "real_output_flux": 0.0, "input_flux": 0.0, "error": 0.6666666666666666, "lease_expired_count": 3, "expected_output_flux": 0.6666666666666666, "queue_size": 0}, "2020-07-29T18:15:15Z": {"replicas": 4, "real_output_flux": 2.5, "input_flux": 3.0, "error": -0.3333333333333335, "lease_expired_count": 3, "expected_output_flux": 2.6666666666666665, "queue_size": 0}, "2020-07-29T18:12:58Z": {"replicas": 4, "real_output_flux": 3.5, "input_flux": 3.0, "error": -0.3333333333333335, "lease_expired_count": 2, "expected_output_flux": 2.6666666666666665, "queue_size": 0}, "2020-07-29T18:14:55Z": {"replicas": 4, "real_output_flux": 3.0, "input_flux": 3.5, "error": -0.8333333333333335, "lease_expired_count": 3, "expected_output_flux": 2.6666666666666665, "queue_size": 0}, "2020-07-29T18:11:32Z": {"replicas": 4, "real_output_flux": 3.5, "input_flux": 3.0, "error": -0.3333333333333335, "lease_expired_count": 0, "expected_output_flux": 2.6666666666666665, "queue_size": 0}, "2020-07-29T18:13:20Z": {"replicas": 5, "real_output_flux": 2.5, "input_flux": 3.0, "error": 0.3333333333333335, "lease_expired_count": 2, "expected_output_flux": 3.3333333333333335, "queue_size": 0}, "2020-07-29T18:10:42Z": {"replicas": 6, "real_output_flux": 0.0, "input_flux": 3.5, "error": 0.5, "lease_expired_count": 0, "expected_output_flux": 4.0, "queue_size": 13}, "2020-07-29T18:15:45Z": {"replicas": 5, "real_output_flux": 2.5, "input_flux": 0.0, "error": 3.3333333333333335, "lease_expired_count": 3, "expected_output_flux": 3.3333333333333335, "queue_size": 0}, "2020-07-29T18:13:00Z": {"replicas": 6, "real_output_flux": 3.5, "input_flux": 3.5, "error": 0.5, "lease_expired_count": 2, "expected_output_flux": 4.0, "queue_size": 0}, "2020-07-29T18:13:07Z": {"replicas": 5, "real_output_flux": 3.0, "input_flux": 3.5, "error": -0.16666666666666652, "lease_expired_count": 2, "expected_output_flux": 3.3333333333333335, "queue_size": 0}, "2020-07-29T18:12:13Z": {"replicas": 5, "real_output_flux": 2.5, "input_flux": 3.0, "error": 0.3333333333333335, "lease_expired_count": 0, "expected_output_flux": 3.3333333333333335, "queue_size": 0}, "2020-07-29T18:13:33Z": {"replicas": 5, "real_output_flux": 3.0, "input_flux": 3.5, "error": -0.16666666666666652, "lease_expired_count": 2, "expected_output_flux": 3.3333333333333335, "queue_size": 0}, "2020-07-29T18:16:33Z": {"replicas": 1, "real_output_flux": 0.0, "input_flux": 0.0, "error": 0.6666666666666666, "lease_expired_count": 3, "expected_output_flux": 0.6666666666666666, "queue_size": 0}, "2020-07-29T18:11:02Z": {"replicas": 5, "real_output_flux": 3.5, "input_flux": 3.5, "error": -0.16666666666666652, "lease_expired_count": 0, "expected_output_flux": 3.3333333333333335, "queue_size": 32}, "2020-07-29T18:13:22Z": {"replicas": 5, "real_output_flux": 3.0, "input_flux": 3.5, "error": -0.16666666666666652, "lease_expired_count": 2, "expected_output_flux": 3.3333333333333335, "queue_size": 0}, "2020-07-29T18:12:18Z": {"replicas": 5, "real_output_flux": 4.0, "input_flux": 3.0, "error": 0.3333333333333335, "lease_expired_count": 1, "expected_output_flux": 3.3333333333333335, "queue_size": 0}, "2020-07-29T18:14:23Z": {"replicas": 5, "real_output_flux": 3.0, "input_flux": 3.5, "error": -0.16666666666666652, "lease_expired_count": 3, "expected_output_flux": 3.3333333333333335, "queue_size": 0}, "2020-07-29T18:16:16Z": {"replicas": 1, "real_output_flux": 0.0, "input_flux": 0.0, "error": 0.6666666666666666, "lease_expired_count": 3, "expected_output_flux": 0.6666666666666666, "queue_size": 0}, "2020-07-29T18:11:34Z": {"replicas": 4, "real_output_flux": 3.0, "input_flux": 3.5, "error": -0.8333333333333335, "lease_expired_count": 0, "expected_output_flux": 2.6666666666666665, "queue_size": 0}, "2020-07-29T18:15:17Z": {"replicas": 4, "real_output_flux": 2.5, "input_flux": 3.5, "error": -0.8333333333333335, "lease_expired_count": 3, "expected_output_flux": 2.6666666666666665, "queue_size": 0}, "2020-07-29T18:14:27Z": {"replicas": 5, "real_output_flux": 3.0, "input_flux": 3.5, "error": -0.16666666666666652, "lease_expired_count": 3, "expected_output_flux": 3.3333333333333335, "queue_size": 0}, "2020-07-29T18:14:47Z": {"replicas": 4, "real_output_flux": 3.5, "input_flux": 3.0, "error": -0.3333333333333335, "lease_expired_count": 3, "expected_output_flux": 2.6666666666666665, "queue_size": 0}, "2020-07-29T18:12:05Z": {"replicas": 4, "real_output_flux": 3.0, "input_flux": 3.5, "error": -0.8333333333333335, "lease_expired_count": 0, "expected_output_flux": 2.6666666666666665, "queue_size": 0}, "2020-07-29T18:12:31Z": {"replicas": 4, "real_output_flux": 3.5, "input_flux": 3.5, "error": -0.8333333333333335, "lease_expired_count": 1, "expected_output_flux": 2.6666666666666665, "queue_size": 0}, "2020-07-29T18:13:39Z": {"replicas": 5, "real_output_flux": 3.0, "input_flux": 3.0, "error": 0.3333333333333335, "lease_expired_count": 2, "expected_output_flux": 3.3333333333333335, "queue_size": 0}, "2020-07-29T18:13:48Z": {"replicas": 5, "real_output_flux": 3.0, "input_flux": 3.5, "error": -0.16666666666666652, "lease_expired_count": 2, "expected_output_flux": 3.3333333333333335, "queue_size": 0}, "2020-07-29T18:11:45Z": {"replicas": 4, "real_output_flux": 3.0, "input_flux": 3.5, "error": -0.8333333333333335, "lease_expired_count": 0, "expected_output_flux": 2.6666666666666665, "queue_size": 0}, "2020-07-29T18:12:55Z": {"replicas": 4, "real_output_flux": 4.5, "input_flux": 3.5, "error": -0.8333333333333335, "lease_expired_count": 2, "expected_output_flux": 2.6666666666666665, "queue_size": 0}, "2020-07-29T18:14:34Z": {"replicas": 5, "real_output_flux": 3.0, "input_flux": 3.5, "error": -0.16666666666666652, "lease_expired_count": 3, "expected_output_flux": 3.3333333333333335, "queue_size": 0}, "2020-07-29T18:15:19Z": {"replicas": 6, "real_output_flux": 4.0, "input_flux": 3.0, "error": 1.0, "lease_expired_count": 3, "expected_output_flux": 4.0, "queue_size": 0}, "2020-07-29T18:11:08Z": {"replicas": 5, "real_output_flux": 3.5, "input_flux": 3.0, "error": 0.3333333333333335, "lease_expired_count": 0, "expected_output_flux": 3.3333333333333335, "queue_size": 25}, "2020-07-29T18:11:43Z": {"replicas": 4, "real_output_flux": 3.0, "input_flux": 3.0, "error": -0.3333333333333335, "lease_expired_count": 0, "expected_output_flux": 2.6666666666666665, "queue_size": 0}, "2020-07-29T18:14:16Z": {"replicas": 5, "real_output_flux": 3.5, "input_flux": 3.0, "error": 0.3333333333333335, "lease_expired_count": 2, "expected_output_flux": 3.3333333333333335, "queue_size": 0}, "2020-07-29T18:12:29Z": {"replicas": 4, "real_output_flux": 4.0, "input_flux": 3.0, "error": -0.3333333333333335, "lease_expired_count": 1, "expected_output_flux": 2.6666666666666665, "queue_size": 0}, "2020-07-29T18:13:26Z": {"replicas": 5, "real_output_flux": 3.0, "input_flux": 3.5, "error": -0.16666666666666652, "lease_expired_count": 2, "expected_output_flux": 3.3333333333333335, "queue_size": 0}, "2020-07-29T18:13:18Z": {"replicas": 5, "real_output_flux": 3.5, "input_flux": 3.0, "error": 0.3333333333333335, "lease_expired_count": 2, "expected_output_flux": 3.3333333333333335, "queue_size": 0}, "2020-07-29T18:11:39Z": {"replicas": 6, "real_output_flux": 3.5, "input_flux": 3.5, "error": 0.5, "lease_expired_count": 0, "expected_output_flux": 4.0, "queue_size": 0}, "2020-07-29T18:11:17Z": {"replicas": 5, "real_output_flux": 7.5, "input_flux": 3.5, "error": -0.16666666666666652, "lease_expired_count": 0, "expected_output_flux": 3.3333333333333335, "queue_size": 0}, "2020-07-29T18:12:37Z": {"replicas": 5, "real_output_flux": 3.5, "input_flux": 3.0, "error": 0.3333333333333335, "lease_expired_count": 1, "expected_output_flux": 3.3333333333333335, "queue_size": 0}, "2020-07-29T18:11:00Z": {"replicas": 5, "real_output_flux": 2.5, "input_flux": 3.0, "error": 0.3333333333333335, "lease_expired_count": 0, "expected_output_flux": 3.3333333333333335, "queue_size": 33}, "2020-07-29T18:13:02Z": {"replicas": 6, "real_output_flux": 3.0, "input_flux": 3.5, "error": 0.5, "lease_expired_count": 2, "expected_output_flux": 4.0, "queue_size": 0}, "2020-07-29T18:14:14Z": {"replicas": 5, "real_output_flux": 3.0, "input_flux": 3.0, "error": 0.3333333333333335, "lease_expired_count": 2, "expected_output_flux": 3.3333333333333335, "queue_size": 0}, "2020-07-29T18:14:25Z": {"replicas": 5, "real_output_flux": 4.0, "input_flux": 3.0, "error": 0.3333333333333335, "lease_expired_count": 3, "expected_output_flux": 3.3333333333333335, "queue_size": 0}, "2020-07-29T18:16:31Z": {"replicas": 1, "real_output_flux": 0.0, "input_flux": 0.0, "error": 0.6666666666666666, "lease_expired_count": 3, "expected_output_flux": 0.6666666666666666, "queue_size": 0}, "2020-07-29T18:11:49Z": {"replicas": 6, "real_output_flux": 3.5, "input_flux": 3.0, "error": 1.0, "lease_expired_count": 0, "expected_output_flux": 4.0, "queue_size": 0}, "2020-07-29T18:11:11Z": {"replicas": 5, "real_output_flux": 5.5, "input_flux": 3.0, "error": 0.3333333333333335, "lease_expired_count": 0, "expected_output_flux": 3.3333333333333335, "queue_size": 20}, "2020-07-29T18:11:47Z": {"replicas": 6, "real_output_flux": 3.0, "input_flux": 3.0, "error": 1.0, "lease_expired_count": 0, "expected_output_flux": 4.0, "queue_size": 0}, "2020-07-29T18:11:15Z": {"replicas": 5, "real_output_flux": 7.0, "input_flux": 3.0, "error": 0.3333333333333335, "lease_expired_count": 0, "expected_output_flux": 3.3333333333333335, "queue_size": 5}, "2020-07-29T18:14:49Z": {"replicas": 4, "real_output_flux": 3.0, "input_flux": 3.5, "error": -0.8333333333333335, "lease_expired_count": 3, "expected_output_flux": 2.6666666666666665, "queue_size": 0}, "2020-07-29T18:14:51Z": {"replicas": 4, "real_output_flux": 3.0, "input_flux": 3.0, "error": -0.3333333333333335, "lease_expired_count": 3, "expected_output_flux": 2.6666666666666665, "queue_size": 0}, "2020-07-29T18:13:46Z": {"replicas": 5, "real_output_flux": 3.5, "input_flux": 3.0, "error": 0.3333333333333335, "lease_expired_count": 2, "expected_output_flux": 3.3333333333333335, "queue_size": 0}, "2020-07-29T18:15:50Z": {"replicas": 1, "real_output_flux": 0.0, "input_flux": 0.0, "error": 0.6666666666666666, "lease_expired_count": 3, "expected_output_flux": 0.6666666666666666, "queue_size": 0}, "2020-07-29T18:15:34Z": {"replicas": 5, "real_output_flux": 3.5, "input_flux": 3.0, "error": 0.3333333333333335, "lease_expired_count": 3, "expected_output_flux": 3.3333333333333335, "queue_size": 0}, "2020-07-29T18:12:47Z": {"replicas": 5, "real_output_flux": 2.5, "input_flux": 3.0, "error": 0.3333333333333335, "lease_expired_count": 1, "expected_output_flux": 3.3333333333333335, "queue_size": 0}, "2020-07-29T18:13:50Z": {"replicas": 5, "real_output_flux": 3.0, "input_flux": 3.0, "error": 0.3333333333333335, "lease_expired_count": 2, "expected_output_flux": 3.3333333333333335, "queue_size": 0}, "2020-07-29T18:16:18Z": {"replicas": 1, "real_output_flux": 0.0, "input_flux": 0.0, "error": 0.6666666666666666, "lease_expired_count": 3, "expected_output_flux": 0.6666666666666666, "queue_size": 0}, "2020-07-29T18:15:08Z": {"replicas": 6, "real_output_flux": 3.5, "input_flux": 3.0, "error": 1.0, "lease_expired_count": 3, "expected_output_flux": 4.0, "queue_size": 0}, "2020-07-29T18:10:40Z": {"replicas": 1, "real_output_flux": 0.0, "input_flux": 2.5, "error": -1.8333333333333335, "lease_expired_count": 0, "expected_output_flux": 0.6666666666666666, "queue_size": 6}, "2020-07-29T18:13:31Z": {"replicas": 5, "real_output_flux": 3.0, "input_flux": 3.0, "error": 0.3333333333333335, "lease_expired_count": 2, "expected_output_flux": 3.3333333333333335, "queue_size": 0}, "2020-07-29T18:11:41Z": {"replicas": 6, "real_output_flux": 3.5, "input_flux": 3.0, "error": 1.0, "lease_expired_count": 0, "expected_output_flux": 4.0, "queue_size": 0}, "2020-07-29T18:15:41Z": {"replicas": 5, "real_output_flux": 2.5, "input_flux": 3.0, "error": 0.3333333333333335, "lease_expired_count": 3, "expected_output_flux": 3.3333333333333335, "queue_size": 0}, "2020-07-29T18:13:24Z": {"replicas": 5, "real_output_flux": 3.5, "input_flux": 3.0, "error": 0.3333333333333335, "lease_expired_count": 2, "expected_output_flux": 3.3333333333333335, "queue_size": 0}, "2020-07-29T18:11:52Z": {"replicas": 4, "real_output_flux": 3.0, "input_flux": 3.5, "error": -0.8333333333333335, "lease_expired_count": 0, "expected_output_flux": 2.6666666666666665, "queue_size": 0}, "2020-07-29T18:14:45Z": {"replicas": 4, "real_output_flux": 3.5, "input_flux": 3.5, "error": -0.8333333333333335, "lease_expired_count": 3, "expected_output_flux": 2.6666666666666665, "queue_size": 0}, "2020-07-29T18:15:04Z": {"replicas": 6, "real_output_flux": 3.5, "input_flux": 3.0, "error": 1.0, "lease_expired_count": 3, "expected_output_flux": 4.0, "queue_size": 0}, "2020-07-29T18:14:42Z": {"replicas": 5, "real_output_flux": 2.5, "input_flux": 3.0, "error": 0.3333333333333335, "lease_expired_count": 3, "expected_output_flux": 3.3333333333333335, "queue_size": 0}, "2020-07-29T18:10:46Z": {"replicas": 4, "real_output_flux": 0.0, "input_flux": 3.0, "error": -0.3333333333333335, "lease_expired_count": 0, "expected_output_flux": 2.6666666666666665, "queue_size": 23}, "2020-07-29T18:11:28Z": {"replicas": 4, "real_output_flux": 3.0, "input_flux": 3.5, "error": -0.8333333333333335, "lease_expired_count": 0, "expected_output_flux": 2.6666666666666665, "queue_size": 0}, "2020-07-29T18:13:13Z": {"replicas": 5, "real_output_flux": 4.0, "input_flux": 3.0, "error": 0.3333333333333335, "lease_expired_count": 2, "expected_output_flux": 3.3333333333333335, "queue_size": 0}, "2020-07-29T18:15:47Z": {"replicas": 5, "real_output_flux": 0.5, "input_flux": 0.0, "error": 3.3333333333333335, "lease_expired_count": 3, "expected_output_flux": 3.3333333333333335, "queue_size": 0}, "2020-07-29T18:11:21Z": {"replicas": 5, "real_output_flux": 3.0, "input_flux": 3.0, "error": 0.3333333333333335, "lease_expired_count": 0, "expected_output_flux": 3.3333333333333335, "queue_size": 0}, "2020-07-29T18:12:33Z": {"replicas": 6, "real_output_flux": 3.5, "input_flux": 3.0, "error": 1.0, "lease_expired_count": 1, "expected_output_flux": 4.0, "queue_size": 0}, "2020-07-29T18:14:12Z": {"replicas": 5, "real_output_flux": 3.0, "input_flux": 3.5, "error": -0.16666666666666652, "lease_expired_count": 2, "expected_output_flux": 3.3333333333333335, "queue_size": 0}, "2020-07-29T18:11:56Z": {"replicas": 4, "real_output_flux": 3.0, "input_flux": 3.5, "error": -0.8333333333333335, "lease_expired_count": 0, "expected_output_flux": 2.6666666666666665, "queue_size": 0}, "2020-07-29T18:11:54Z": {"replicas": 4, "real_output_flux": 3.5, "input_flux": 3.0, "error": -0.3333333333333335, "lease_expired_count": 0, "expected_output_flux": 2.6666666666666665, "queue_size": 0}, "2020-07-29T18:10:58Z": {"replicas": 5, "real_output_flux": 4.0, "input_flux": 3.0, "error": 0.3333333333333335, "lease_expired_count": 0, "expected_output_flux": 3.3333333333333335, "queue_size": 33}, "2020-07-29T18:12:35Z": {"replicas": 6, "real_output_flux": 3.5, "input_flux": 3.5, "error": 0.5, "lease_expired_count": 1, "expected_output_flux": 4.0, "queue_size": 0}, "2020-07-29T18:15:24Z": {"replicas": 6, "real_output_flux": 3.0, "input_flux": 3.0, "error": 1.0, "lease_expired_count": 3, "expected_output_flux": 4.0, "queue_size": 0}, "2020-07-29T18:15:06Z": {"replicas": 6, "real_output_flux": 3.0, "input_flux": 3.5, "error": 0.5, "lease_expired_count": 3, "expected_output_flux": 4.0, "queue_size": 0}, "2020-07-29T18:14:10Z": {"replicas": 5, "real_output_flux": 3.5, "input_flux": 3.0, "error": 0.3333333333333335, "lease_expired_count": 2, "expected_output_flux": 3.3333333333333335, "queue_size": 0}, "2020-07-29T18:15:02Z": {"replicas": 4, "real_output_flux": 3.0, "input_flux": 3.5, "error": -0.8333333333333335, "lease_expired_count": 3, "expected_output_flux": 2.6666666666666665, "queue_size": 0}, "2020-07-29T18:11:04Z": {"replicas": 5, "real_output_flux": 5.5, "input_flux": 3.0, "error": 0.3333333333333335, "lease_expired_count": 0, "expected_output_flux": 3.3333333333333335, "queue_size": 27}, "2020-07-29T18:13:35Z": {"replicas": 5, "real_output_flux": 3.5, "input_flux": 3.0, "error": 0.3333333333333335, "lease_expired_count": 2, "expected_output_flux": 3.3333333333333335, "queue_size": 0}, "2020-07-29T18:14:32Z": {"replicas": 5, "real_output_flux": 3.0, "input_flux": 3.0, "error": 0.3333333333333335, "lease_expired_count": 3, "expected_output_flux": 3.3333333333333335, "queue_size": 0}, "2020-07-29T18:16:05Z": {"replicas": 1, "real_output_flux": 0.0, "input_flux": 0.0, "error": 0.6666666666666666, "lease_expired_count": 3, "expected_output_flux": 0.6666666666666666, "queue_size": 0}, "2020-07-29T18:15:32Z": {"replicas": 6, "real_output_flux": 3.0, "input_flux": 3.5, "error": 0.5, "lease_expired_count": 3, "expected_output_flux": 4.0, "queue_size": 0}, "2020-07-29T18:11:19Z": {"replicas": 5, "real_output_flux": 3.5, "input_flux": 3.0, "error": 0.3333333333333335, "lease_expired_count": 0, "expected_output_flux": 3.3333333333333335, "queue_size": 0}, "2020-07-29T18:16:42Z": {"replicas": 1, "real_output_flux": 0.0, "input_flux": 0.0, "error": 0.6666666666666666, "lease_expired_count": 4, "expected_output_flux": 0.6666666666666666, "queue_size": 0}, "2020-07-29T18:12:42Z": {"replicas": 5, "real_output_flux": 3.0, "input_flux": 3.0, "error": 0.3333333333333335, "lease_expired_count": 1, "expected_output_flux": 3.3333333333333335, "queue_size": 0}, "2020-07-29T18:13:37Z": {"replicas": 5, "real_output_flux": 3.0, "input_flux": 3.5, "error": -0.16666666666666652, "lease_expired_count": 2, "expected_output_flux": 3.3333333333333335, "queue_size": 0}, "2020-07-29T18:12:16Z": {"replicas": 5, "real_output_flux": 3.0, "input_flux": 3.5, "error": -0.16666666666666652, "lease_expired_count": 0, "expected_output_flux": 3.3333333333333335, "queue_size": 0}, "2020-07-29T18:16:26Z": {"replicas": 1, "real_output_flux": 0.0, "input_flux": 0.0, "error": 0.6666666666666666, "lease_expired_count": 3, "expected_output_flux": 0.6666666666666666, "queue_size": 0}, "2020-07-29T18:12:45Z": {"replicas": 5, "real_output_flux": 4.0, "input_flux": 4.0, "error": -0.6666666666666665, "lease_expired_count": 1, "expected_output_flux": 3.3333333333333335, "queue_size": 0}, "2020-07-29T18:10:53Z": {"replicas": 6, "real_output_flux": 1.0, "input_flux": 3.0, "error": 1.0, "lease_expired_count": 0, "expected_output_flux": 4.0, "queue_size": 35}, "2020-07-29T18:14:18Z": {"replicas": 5, "real_output_flux": 3.0, "input_flux": 3.5, "error": -0.16666666666666652, "lease_expired_count": 2, "expected_output_flux": 3.3333333333333335, "queue_size": 0}, "2020-07-29T18:11:26Z": {"replicas": 5, "real_output_flux": 3.5, "input_flux": 3.0, "error": 0.3333333333333335, "lease_expired_count": 0, "expected_output_flux": 3.3333333333333335, "queue_size": 0}, "2020-07-29T18:12:51Z": {"replicas": 5, "real_output_flux": 4.0, "input_flux": 3.0, "error": 0.3333333333333335, "lease_expired_count": 1, "expected_output_flux": 3.3333333333333335, "queue_size": 0}}}