{"end_time": 1596220072.5302515, "report": {"2020-07-31T18:22:43Z": {"lease_expired_count": 8, "expected_output_flux": 4.666666666666667, "input_flux": 4.0, "queue_size": 0, "real_output_flux": 5.0, "replicas": 7, "error": 0.666666666666667}, "2020-07-31T18:23:48Z": {"lease_expired_count": 9, "expected_output_flux": 2.0, "input_flux": 2.5, "queue_size": 0, "real_output_flux": 2.0, "replicas": 3, "error": -0.5}, "2020-07-31T18:22:47Z": {"lease_expired_count": 8, "expected_output_flux": 4.666666666666667, "input_flux": 2.5, "queue_size": 0, "real_output_flux": 2.0, "replicas": 7, "error": 2.166666666666667}, "2020-07-31T18:20:09Z": {"lease_expired_count": 1, "expected_output_flux": 2.0, "input_flux": 2.5, "queue_size": 0, "real_output_flux": 1.5, "replicas": 3, "error": -0.5}, "2020-07-31T18:18:01Z": {"lease_expired_count": 0, "expected_output_flux": 2.0, "input_flux": 2.5, "queue_size": 26, "real_output_flux": 1.5, "replicas": 3, "error": -0.5}, "2020-07-31T18:22:23Z": {"lease_expired_count": 7, "expected_output_flux": 4.0, "input_flux": 4.5, "queue_size": 0, "real_output_flux": 3.5, "replicas": 6, "error": -0.5}, "2020-07-31T18:24:41Z": {"lease_expired_count": 12, "expected_output_flux": 2.0, "input_flux": 2.0, "queue_size": 0, "real_output_flux": 1.5, "replicas": 3, "error": 0.0}, "2020-07-31T18:26:53Z": {"lease_expired_count": 19, "expected_output_flux": 4.0, "input_flux": 4.0, "queue_size": 0, "real_output_flux": 4.0, "replicas": 6, "error": 0.0}, "2020-07-31T18:27:19Z": {"lease_expired_count": 20, "expected_output_flux": 4.666666666666667, "input_flux": 4.5, "queue_size": 0, "real_output_flux": 3.5, "replicas": 7, "error": 0.16666666666666696}, "2020-07-31T18:28:37Z": {"lease_expired_count": 22, "expected_output_flux": 0.6666666666666666, "input_flux": 0.0, "queue_size": 0, "real_output_flux": 0.0, "replicas": 1, "error": 0.6666666666666666}, "2020-07-31T18:22:01Z": {"lease_expired_count": 6, "expected_output_flux": 5.333333333333333, "input_flux": 4.0, "queue_size": 0, "real_output_flux": 3.5, "replicas": 8, "error": 1.333333333333333}, "2020-07-31T18:21:59Z": {"lease_expired_count": 6, "expected_output_flux": 5.333333333333333, "input_flux": 4.0, "queue_size": 0, "real_output_flux": 4.5, "replicas": 8, "error": 1.333333333333333}, "2020-07-31T18:26:31Z": {"lease_expired_count": 18, "expected_output_flux": 4.666666666666667, "input_flux": 4.0, "queue_size": 0, "real_output_flux": 4.0, "replicas": 7, "error": 0.666666666666667}, "2020-07-31T18:19:18Z": {"lease_expired_count": 0, "expected_output_flux": 2.6666666666666665, "input_flux": 2.0, "queue_size": 0, "real_output_flux": 1.0, "replicas": 4, "error": 0.6666666666666665}, "2020-07-31T18:19:58Z": {"lease_expired_count": 0, "expected_output_flux": 2.6666666666666665, "input_flux": 2.0, "queue_size": 0, "real_output_flux": 3.0, "replicas": 4, "error": 0.6666666666666665}, "2020-07-31T18:23:38Z": {"lease_expired_count": 9, "expected_output_flux": 2.6666666666666665, "input_flux": 2.0, "queue_size": 0, "real_output_flux": 2.0, "replicas": 4, "error": 0.6666666666666665}, "2020-07-31T18:27:43Z": {"lease_expired_count": 20, "expected_output_flux": 3.3333333333333335, "input_flux": 4.0, "queue_size": 0, "real_output_flux": 4.0, "replicas": 5, "error": -0.6666666666666665}, "2020-07-31T18:17:37Z": {"lease_expired_count": 0, "expected_output_flux": 0.6666666666666666, "input_flux": 0.0, "queue_size": 1, "real_output_flux": 0.0, "replicas": 1, "error": 0.6666666666666666}, "2020-07-31T18:22:15Z": {"lease_expired_count": 7, "expected_output_flux": 4.0, "input_flux": 4.5, "queue_size": 0, "real_output_flux": 4.5, "replicas": 6, "error": -0.5}, "2020-07-31T18:20:53Z": {"lease_expired_count": 3, "expected_output_flux": 4.666666666666667, "input_flux": 4.5, "queue_size": 0, "real_output_flux": 4.5, "replicas": 7, "error": 0.16666666666666696}, "2020-07-31T18:21:24Z": {"lease_expired_count": 5, "expected_output_flux": 4.0, "input_flux": 4.5, "queue_size": 0, "real_output_flux": 4.5, "replicas": 6, "error": -0.5}, "2020-07-31T18:22:10Z": {"lease_expired_count": 7, "expected_output_flux": 4.0, "input_flux": 4.5, "queue_size": 0, "real_output_flux": 3.5, "replicas": 6, "error": -0.5}, "2020-07-31T18:25:48Z": {"lease_expired_count": 14, "expected_output_flux": 4.0, "input_flux": 4.0, "queue_size": 10, "real_output_flux": 5.0, "replicas": 6, "error": 0.0}, "2020-07-31T18:21:37Z": {"lease_expired_count": 6, "expected_output_flux": 4.0, "input_flux": 4.5, "queue_size": 0, "real_output_flux": 4.5, "replicas": 6, "error": -0.5}, "2020-07-31T18:25:59Z": {"lease_expired_count": 15, "expected_output_flux": 4.0, "input_flux": 4.0, "queue_size": 0, "real_output_flux": 6.0, "replicas": 6, "error": 0.0}, "2020-07-31T18:27:10Z": {"lease_expired_count": 20, "expected_output_flux": 4.0, "input_flux": 4.0, "queue_size": 0, "real_output_flux": 4.0, "replicas": 6, "error": 0.0}, "2020-07-31T18:28:33Z": {"lease_expired_count": 21, "expected_output_flux": 0.6666666666666666, "input_flux": 0.0, "queue_size": 0, "real_output_flux": 0.0, "replicas": 1, "error": 0.6666666666666666}, "2020-07-31T18:24:43Z": {"lease_expired_count": 12, "expected_output_flux": 2.0, "input_flux": 2.5, "queue_size": 0, "real_output_flux": 2.5, "replicas": 3, "error": -0.5}, "2020-07-31T18:18:05Z": {"lease_expired_count": 0, "expected_output_flux": 2.0, "input_flux": 2.0, "queue_size": 28, "real_output_flux": 2.0, "replicas": 3, "error": 0.0}, "2020-07-31T18:24:10Z": {"lease_expired_count": 9, "expected_output_flux": 1.3333333333333333, "input_flux": 2.5, "queue_size": 1, "real_output_flux": 1.5, "replicas": 2, "error": -1.1666666666666667}, "2020-07-31T18:24:23Z": {"lease_expired_count": 11, "expected_output_flux": 2.6666666666666665, "input_flux": 2.0, "queue_size": 0, "real_output_flux": 2.0, "replicas": 4, "error": 0.6666666666666665}, "2020-07-31T18:17:46Z": {"lease_expired_count": 0, "expected_output_flux": 2.0, "input_flux": 2.0, "queue_size": 15, "real_output_flux": 0.0, "replicas": 3, "error": 0.0}, "2020-07-31T18:27:13Z": {"lease_expired_count": 20, "expected_output_flux": 4.0, "input_flux": 4.0, "queue_size": 0, "real_output_flux": 4.5, "replicas": 6, "error": 0.0}, "2020-07-31T18:21:57Z": {"lease_expired_count": 6, "expected_output_flux": 4.0, "input_flux": 5.0, "queue_size": 0, "real_output_flux": 4.5, "replicas": 6, "error": -1.0}, "2020-07-31T18:23:17Z": {"lease_expired_count": 8, "expected_output_flux": 2.6666666666666665, "input_flux": 2.5, "queue_size": 0, "real_output_flux": 2.0, "replicas": 4, "error": 0.16666666666666652}, "2020-07-31T18:27:32Z": {"lease_expired_count": 20, "expected_output_flux": 4.666666666666667, "input_flux": 4.0, "queue_size": 0, "real_output_flux": 4.0, "replicas": 7, "error": 0.666666666666667}, "2020-07-31T18:20:02Z": {"lease_expired_count": 1, "expected_output_flux": 2.0, "input_flux": 2.5, "queue_size": 0, "real_output_flux": 2.0, "replicas": 3, "error": -0.5}, "2020-07-31T18:22:59Z": {"lease_expired_count": 8, "expected_output_flux": 2.6666666666666665, "input_flux": 2.0, "queue_size": 0, "real_output_flux": 2.0, "replicas": 4, "error": 0.6666666666666665}, "2020-07-31T18:19:36Z": {"lease_expired_count": 0, "expected_output_flux": 3.3333333333333335, "input_flux": 2.5, "queue_size": 0, "real_output_flux": 2.5, "replicas": 5, "error": 0.8333333333333335}, "2020-07-31T18:21:55Z": {"lease_expired_count": 6, "expected_output_flux": 4.0, "input_flux": 4.5, "queue_size": 0, "real_output_flux": 4.0, "replicas": 6, "error": -0.5}, "2020-07-31T18:20:07Z": {"lease_expired_count": 1, "expected_output_flux": 2.0, "input_flux": 2.0, "queue_size": 0, "real_output_flux": 2.5, "replicas": 3, "error": 0.0}, "2020-07-31T18:18:16Z": {"lease_expired_count": 0, "expected_output_flux": 2.0, "input_flux": 2.5, "queue_size": 24, "real_output_flux": 3.0, "replicas": 3, "error": -0.5}, "2020-07-31T18:19:29Z": {"lease_expired_count": 0, "expected_output_flux": 2.0, "input_flux": 3.0, "queue_size": 0, "real_output_flux": 1.0, "replicas": 3, "error": -1.0}, "2020-07-31T18:25:56Z": {"lease_expired_count": 15, "expected_output_flux": 4.0, "input_flux": 4.5, "queue_size": 2, "real_output_flux": 5.0, "replicas": 6, "error": -0.5}, "2020-07-31T18:24:14Z": {"lease_expired_count": 9, "expected_output_flux": 2.0, "input_flux": 2.0, "queue_size": 0, "real_output_flux": 3.0, "replicas": 3, "error": 0.0}, "2020-07-31T18:18:29Z": {"lease_expired_count": 0, "expected_output_flux": 2.6666666666666665, "input_flux": 2.0, "queue_size": 19, "real_output_flux": 3.0, "replicas": 4, "error": 0.6666666666666665}, "2020-07-31T18:20:29Z": {"lease_expired_count": 1, "expected_output_flux": 4.666666666666667, "input_flux": 4.5, "queue_size": 10, "real_output_flux": 5.5, "replicas": 7, "error": 0.16666666666666696}, "2020-07-31T18:26:38Z": {"lease_expired_count": 18, "expected_output_flux": 4.666666666666667, "input_flux": 4.5, "queue_size": 0, "real_output_flux": 4.0, "replicas": 7, "error": 0.16666666666666696}, "2020-07-31T18:18:55Z": {"lease_expired_count": 0, "expected_output_flux": 2.0, "input_flux": 2.0, "queue_size": 0, "real_output_flux": 2.5, "replicas": 3, "error": 0.0}, "2020-07-31T18:18:22Z": {"lease_expired_count": 0, "expected_output_flux": 2.0, "input_flux": 2.0, "queue_size": 21, "real_output_flux": 3.0, "replicas": 3, "error": 0.0}, "2020-07-31T18:26:57Z": {"lease_expired_count": 19, "expected_output_flux": 4.666666666666667, "input_flux": 4.0, "queue_size": 0, "real_output_flux": 5.0, "replicas": 7, "error": 0.666666666666667}, "2020-07-31T18:20:51Z": {"lease_expired_count": 3, "expected_output_flux": 4.666666666666667, "input_flux": 4.5, "queue_size": 0, "real_output_flux": 4.5, "replicas": 7, "error": 0.16666666666666696}, "2020-07-31T18:18:57Z": {"lease_expired_count": 0, "expected_output_flux": 2.0, "input_flux": 2.5, "queue_size": 0, "real_output_flux": 2.0, "replicas": 3, "error": -0.5}, "2020-07-31T18:26:36Z": {"lease_expired_count": 18, "expected_output_flux": 4.666666666666667, "input_flux": 4.0, "queue_size": 0, "real_output_flux": 4.0, "replicas": 7, "error": 0.666666666666667}, "2020-07-31T18:20:24Z": {"lease_expired_count": 1, "expected_output_flux": 4.666666666666667, "input_flux": 4.5, "queue_size": 12, "real_output_flux": 3.5, "replicas": 7, "error": 0.16666666666666696}, "2020-07-31T18:20:46Z": {"lease_expired_count": 3, "expected_output_flux": 4.0, "input_flux": 4.5, "queue_size": 0, "real_output_flux": 7.0, "replicas": 6, "error": -0.5}, "2020-07-31T18:21:19Z": {"lease_expired_count": 5, "expected_output_flux": 4.666666666666667, "input_flux": 4.5, "queue_size": 0, "real_output_flux": 4.0, "replicas": 7, "error": 0.16666666666666696}, "2020-07-31T18:18:27Z": {"lease_expired_count": 0, "expected_output_flux": 2.6666666666666665, "input_flux": 2.0, "queue_size": 21, "real_output_flux": 2.0, "replicas": 4, "error": 0.6666666666666665}, "2020-07-31T18:25:05Z": {"lease_expired_count": 13, "expected_output_flux": 2.0, "input_flux": 2.0, "queue_size": 0, "real_output_flux": 2.5, "replicas": 3, "error": 0.0}, "2020-07-31T18:25:13Z": {"lease_expired_count": 13, "expected_output_flux": 2.6666666666666665, "input_flux": 2.0, "queue_size": 0, "real_output_flux": 2.5, "replicas": 4, "error": 0.6666666666666665}, "2020-07-31T18:24:30Z": {"lease_expired_count": 12, "expected_output_flux": 2.6666666666666665, "input_flux": 2.0, "queue_size": 0, "real_output_flux": 3.0, "replicas": 4, "error": 0.6666666666666665}, "2020-07-31T18:20:57Z": {"lease_expired_count": 4, "expected_output_flux": 4.0, "input_flux": 4.0, "queue_size": 0, "real_output_flux": 4.0, "replicas": 6, "error": 0.0}, "2020-07-31T18:27:56Z": {"lease_expired_count": 20, "expected_output_flux": 3.3333333333333335, "input_flux": 0.0, "queue_size": 0, "real_output_flux": 0.0, "replicas": 5, "error": 3.3333333333333335}, "2020-07-31T18:24:36Z": {"lease_expired_count": 12, "expected_output_flux": 2.0, "input_flux": 2.5, "queue_size": 0, "real_output_flux": 3.0, "replicas": 3, "error": -0.5}, "2020-07-31T18:25:37Z": {"lease_expired_count": 14, "expected_output_flux": 4.0, "input_flux": 6.5, "queue_size": 14, "real_output_flux": 4.5, "replicas": 6, "error": -2.5}, "2020-07-31T18:27:52Z": {"lease_expired_count": 20, "expected_output_flux": 3.3333333333333335, "input_flux": 4.5, "queue_size": 0, "real_output_flux": 5.0, "replicas": 5, "error": -1.1666666666666665}, "2020-07-31T18:23:46Z": {"lease_expired_count": 9, "expected_output_flux": 2.0, "input_flux": 2.0, "queue_size": 0, "real_output_flux": 2.5, "replicas": 3, "error": 0.0}, "2020-07-31T18:26:01Z": {"lease_expired_count": 15, "expected_output_flux": 4.0, "input_flux": 4.5, "queue_size": 0, "real_output_flux": 4.5, "replicas": 6, "error": -0.5}, "2020-07-31T18:24:47Z": {"lease_expired_count": 12, "expected_output_flux": 2.6666666666666665, "input_flux": 2.0, "queue_size": 0, "real_output_flux": 3.0, "replicas": 4, "error": 0.6666666666666665}, "2020-07-31T18:26:09Z": {"lease_expired_count": 16, "expected_output_flux": 4.0, "input_flux": 4.5, "queue_size": 0, "real_output_flux": 4.5, "replicas": 6, "error": -0.5}, "2020-07-31T18:23:27Z": {"lease_expired_count": 8, "expected_output_flux": 0.6666666666666666, "input_flux": 2.0, "queue_size": 0, "real_output_flux": 3.0, "replicas": 1, "error": -1.3333333333333335}, "2020-07-31T18:24:34Z": {"lease_expired_count": 12, "expected_output_flux": 2.6666666666666665, "input_flux": 2.0, "queue_size": 0, "real_output_flux": 1.0, "replicas": 4, "error": 0.6666666666666665}, "2020-07-31T18:26:07Z": {"lease_expired_count": 16, "expected_output_flux": 4.0, "input_flux": 4.0, "queue_size": 0, "real_output_flux": 4.0, "replicas": 6, "error": 0.0}, "2020-07-31T18:20:18Z": {"lease_expired_count": 1, "expected_output_flux": 5.333333333333333, "input_flux": 4.0, "queue_size": 9, "real_output_flux": 3.5, "replicas": 8, "error": 1.333333333333333}, "2020-07-31T18:17:50Z": {"lease_expired_count": 0, "expected_output_flux": 2.0, "input_flux": 2.5, "queue_size": 22, "real_output_flux": 0.5, "replicas": 3, "error": -0.5}, "2020-07-31T18:28:07Z": {"lease_expired_count": 20, "expected_output_flux": 0.6666666666666666, "input_flux": 0.0, "queue_size": 0, "real_output_flux": 0.0, "replicas": 1, "error": 0.6666666666666666}, "2020-07-31T18:21:15Z": {"lease_expired_count": 5, "expected_output_flux": 4.0, "input_flux": 4.5, "queue_size": 0, "real_output_flux": 4.5, "replicas": 6, "error": -0.5}, "2020-07-31T18:19:15Z": {"lease_expired_count": 0, "expected_output_flux": 0.6666666666666666, "input_flux": 2.0, "queue_size": 0, "real_output_flux": 2.5, "replicas": 1, "error": -1.3333333333333335}, "2020-07-31T18:19:49Z": {"lease_expired_count": 0, "expected_output_flux": 2.0, "input_flux": 2.5, "queue_size": 0, "real_output_flux": 2.0, "replicas": 3, "error": -0.5}, "2020-07-31T18:17:57Z": {"lease_expired_count": 0, "expected_output_flux": 2.0, "input_flux": 2.0, "queue_size": 26, "real_output_flux": 1.0, "replicas": 3, "error": 0.0}, "2020-07-31T18:20:22Z": {"lease_expired_count": 1, "expected_output_flux": 4.666666666666667, "input_flux": 4.0, "queue_size": 10, "real_output_flux": 4.0, "replicas": 7, "error": 0.666666666666667}, "2020-07-31T18:26:03Z": {"lease_expired_count": 15, "expected_output_flux": 4.0, "input_flux": 4.0, "queue_size": 0, "real_output_flux": 4.0, "replicas": 6, "error": 0.0}, "2020-07-31T18:19:42Z": {"lease_expired_count": 0, "expected_output_flux": 2.0, "input_flux": 2.5, "queue_size": 0, "real_output_flux": 2.0, "replicas": 3, "error": -0.5}, "2020-07-31T18:21:06Z": {"lease_expired_count": 4, "expected_output_flux": 4.0, "input_flux": 4.5, "queue_size": 0, "real_output_flux": 4.0, "replicas": 6, "error": -0.5}, "2020-07-31T18:17:59Z": {"lease_expired_count": 0, "expected_output_flux": 2.0, "input_flux": 2.0, "queue_size": 24, "real_output_flux": 3.0, "replicas": 3, "error": 0.0}, "2020-07-31T18:25:22Z": {"lease_expired_count": 13, "expected_output_flux": 2.6666666666666665, "input_flux": 4.5, "queue_size": 3, "real_output_flux": 3.5, "replicas": 4, "error": -1.8333333333333335}, "2020-07-31T18:25:09Z": {"lease_expired_count": 13, "expected_output_flux": 2.6666666666666665, "input_flux": 2.5, "queue_size": 0, "real_output_flux": 2.0, "replicas": 4, "error": 0.16666666666666652}, "2020-07-31T18:23:31Z": {"lease_expired_count": 8, "expected_output_flux": 2.6666666666666665, "input_flux": 2.0, "queue_size": 0, "real_output_flux": 2.0, "replicas": 4, "error": 0.6666666666666665}, "2020-07-31T18:21:52Z": {"lease_expired_count": 6, "expected_output_flux": 4.0, "input_flux": 4.0, "queue_size": 0, "real_output_flux": 5.0, "replicas": 6, "error": 0.0}, "2020-07-31T18:27:45Z": {"lease_expired_count": 20, "expected_output_flux": 3.3333333333333335, "input_flux": 4.5, "queue_size": 0, "real_output_flux": 4.5, "replicas": 5, "error": -1.1666666666666665}, "2020-07-31T18:20:26Z": {"lease_expired_count": 1, "expected_output_flux": 4.666666666666667, "input_flux": 4.5, "queue_size": 12, "real_output_flux": 4.0, "replicas": 7, "error": 0.16666666666666696}, "2020-07-31T18:25:39Z": {"lease_expired_count": 14, "expected_output_flux": 4.0, "input_flux": 4.0, "queue_size": 13, "real_output_flux": 4.0, "replicas": 6, "error": 0.0}, "2020-07-31T18:20:44Z": {"lease_expired_count": 3, "expected_output_flux": 4.0, "input_flux": 4.0, "queue_size": 4, "real_output_flux": 6.5, "replicas": 6, "error": 0.0}, "2020-07-31T18:24:58Z": {"lease_expired_count": 12, "expected_output_flux": 1.3333333333333333, "input_flux": 2.0, "queue_size": 0, "real_output_flux": 1.5, "replicas": 2, "error": -0.6666666666666667}, "2020-07-31T18:21:02Z": {"lease_expired_count": 4, "expected_output_flux": 4.0, "input_flux": 4.0, "queue_size": 0, "real_output_flux": 5.0, "replicas": 6, "error": 0.0}, "2020-07-31T18:25:24Z": {"lease_expired_count": 13, "expected_output_flux": 2.6666666666666665, "input_flux": 4.0, "queue_size": 3, "real_output_flux": 4.0, "replicas": 4, "error": -1.3333333333333335}, "2020-07-31T18:17:39Z": {"lease_expired_count": 0, "expected_output_flux": 0.6666666666666666, "input_flux": 1.5, "queue_size": 4, "real_output_flux": 0.0, "replicas": 1, "error": -0.8333333333333334}, "2020-07-31T18:23:24Z": {"lease_expired_count": 8, "expected_output_flux": 0.6666666666666666, "input_flux": 2.5, "queue_size": 0, "real_output_flux": 2.0, "replicas": 1, "error": -1.8333333333333335}, "2020-07-31T18:20:35Z": {"lease_expired_count": 1, "expected_output_flux": 4.0, "input_flux": 4.0, "queue_size": 13, "real_output_flux": 3.0, "replicas": 6, "error": 0.0}, "2020-07-31T18:22:34Z": {"lease_expired_count": 8, "expected_output_flux": 4.0, "input_flux": 4.5, "queue_size": 0, "real_output_flux": 4.5, "replicas": 6, "error": -0.5}, "2020-07-31T18:19:31Z": {"lease_expired_count": 0, "expected_output_flux": 3.3333333333333335, "input_flux": 2.0, "queue_size": 0, "real_output_flux": 2.5, "replicas": 5, "error": 1.3333333333333335}, "2020-07-31T18:22:21Z": {"lease_expired_count": 7, "expected_output_flux": 4.0, "input_flux": 4.0, "queue_size": 0, "real_output_flux": 4.0, "replicas": 6, "error": 0.0}, "2020-07-31T18:26:46Z": {"lease_expired_count": 19, "expected_output_flux": 4.0, "input_flux": 4.5, "queue_size": 0, "real_output_flux": 4.5, "replicas": 6, "error": -0.5}, "2020-07-31T18:27:08Z": {"lease_expired_count": 20, "expected_output_flux": 4.0, "input_flux": 5.0, "queue_size": 1, "real_output_flux": 4.5, "replicas": 6, "error": -1.0}, "2020-07-31T18:21:50Z": {"lease_expired_count": 6, "expected_output_flux": 4.0, "input_flux": 4.5, "queue_size": 0, "real_output_flux": 5.0, "replicas": 6, "error": -0.5}, "2020-07-31T18:18:07Z": {"lease_expired_count": 0, "expected_output_flux": 2.0, "input_flux": 2.5, "queue_size": 28, "real_output_flux": 2.5, "replicas": 3, "error": -0.5}, "2020-07-31T18:21:48Z": {"lease_expired_count": 6, "expected_output_flux": 4.0, "input_flux": 4.5, "queue_size": 0, "real_output_flux": 4.0, "replicas": 6, "error": -0.5}, "2020-07-31T18:18:45Z": {"lease_expired_count": 0, "expected_output_flux": 2.0, "input_flux": 2.0, "queue_size": 8, "real_output_flux": 3.0, "replicas": 3, "error": 0.0}, "2020-07-31T18:20:55Z": {"lease_expired_count": 3, "expected_output_flux": 4.666666666666667, "input_flux": 4.0, "queue_size": 0, "real_output_flux": 4.0, "replicas": 7, "error": 0.666666666666667}, "2020-07-31T18:25:11Z": {"lease_expired_count": 13, "expected_output_flux": 2.6666666666666665, "input_flux": 2.0, "queue_size": 0, "real_output_flux": 2.0, "replicas": 4, "error": 0.6666666666666665}, "2020-07-31T18:26:44Z": {"lease_expired_count": 18, "expected_output_flux": 4.0, "input_flux": 4.0, "queue_size": 0, "real_output_flux": 4.5, "replicas": 6, "error": 0.0}, "2020-07-31T18:20:37Z": {"lease_expired_count": 1, "expected_output_flux": 4.0, "input_flux": 4.5, "queue_size": 10, "real_output_flux": 6.0, "replicas": 6, "error": -0.5}, "2020-07-31T18:18:31Z": {"lease_expired_count": 0, "expected_output_flux": 2.0, "input_flux": 2.5, "queue_size": 18, "real_output_flux": 3.0, "replicas": 3, "error": -0.5}, "2020-07-31T18:20:59Z": {"lease_expired_count": 4, "expected_output_flux": 4.0, "input_flux": 4.5, "queue_size": 0, "real_output_flux": 4.5, "replicas": 6, "error": -0.5}, "2020-07-31T18:18:20Z": {"lease_expired_count": 0, "expected_output_flux": 2.0, "input_flux": 2.0, "queue_size": 23, "real_output_flux": 3.0, "replicas": 3, "error": 0.0}, "2020-07-31T18:24:38Z": {"lease_expired_count": 12, "expected_output_flux": 2.0, "input_flux": 2.0, "queue_size": 0, "real_output_flux": 2.0, "replicas": 3, "error": 0.0}, "2020-07-31T18:25:00Z": {"lease_expired_count": 12, "expected_output_flux": 2.0, "input_flux": 2.0, "queue_size": 0, "real_output_flux": 2.5, "replicas": 3, "error": 0.0}, "2020-07-31T18:18:25Z": {"lease_expired_count": 0, "expected_output_flux": 2.0, "input_flux": 2.5, "queue_size": 21, "real_output_flux": 2.5, "replicas": 3, "error": -0.5}, "2020-07-31T18:25:29Z": {"lease_expired_count": 14, "expected_output_flux": 4.666666666666667, "input_flux": 4.5, "queue_size": 10, "real_output_flux": 2.0, "replicas": 7, "error": 0.16666666666666696}, "2020-07-31T18:17:44Z": {"lease_expired_count": 0, "expected_output_flux": 2.0, "input_flux": 2.0, "queue_size": 11, "real_output_flux": 0.0, "replicas": 3, "error": 0.0}, "2020-07-31T18:26:40Z": {"lease_expired_count": 18, "expected_output_flux": 4.666666666666667, "input_flux": 4.0, "queue_size": 0, "real_output_flux": 4.5, "replicas": 7, "error": 0.666666666666667}, "2020-07-31T18:22:41Z": {"lease_expired_count": 8, "expected_output_flux": 4.0, "input_flux": 4.5, "queue_size": 0, "real_output_flux": 4.0, "replicas": 6, "error": -0.5}, "2020-07-31T18:24:56Z": {"lease_expired_count": 12, "expected_output_flux": 1.3333333333333333, "input_flux": 2.5, "queue_size": 0, "real_output_flux": 2.0, "replicas": 2, "error": -1.1666666666666667}, "2020-07-31T18:20:00Z": {"lease_expired_count": 0, "expected_output_flux": 2.6666666666666665, "input_flux": 2.0, "queue_size": 0, "real_output_flux": 1.5, "replicas": 4, "error": 0.6666666666666665}, "2020-07-31T18:22:57Z": {"lease_expired_count": 8, "expected_output_flux": 2.6666666666666665, "input_flux": 3.0, "queue_size": 0, "real_output_flux": 3.0, "replicas": 4, "error": -0.3333333333333335}, "2020-07-31T18:18:34Z": {"lease_expired_count": 0, "expected_output_flux": 2.0, "input_flux": 2.0, "queue_size": 16, "real_output_flux": 3.0, "replicas": 3, "error": 0.0}, "2020-07-31T18:19:56Z": {"lease_expired_count": 0, "expected_output_flux": 2.6666666666666665, "input_flux": 2.5, "queue_size": 0, "real_output_flux": 2.0, "replicas": 4, "error": 0.16666666666666652}, "2020-07-31T18:21:13Z": {"lease_expired_count": 5, "expected_output_flux": 4.0, "input_flux": 4.5, "queue_size": 0, "real_output_flux": 4.0, "replicas": 6, "error": -0.5}, "2020-07-31T18:26:27Z": {"lease_expired_count": 18, "expected_output_flux": 4.666666666666667, "input_flux": 4.0, "queue_size": 0, "real_output_flux": 5.0, "replicas": 7, "error": 0.666666666666667}, "2020-07-31T18:20:20Z": {"lease_expired_count": 1, "expected_output_flux": 5.333333333333333, "input_flux": 4.5, "queue_size": 12, "real_output_flux": 3.0, "replicas": 8, "error": 0.833333333333333}, "2020-07-31T18:21:26Z": {"lease_expired_count": 5, "expected_output_flux": 4.0, "input_flux": 4.5, "queue_size": 0, "real_output_flux": 5.0, "replicas": 6, "error": -0.5}, "2020-07-31T18:27:23Z": {"lease_expired_count": 20, "expected_output_flux": 4.666666666666667, "input_flux": 4.0, "queue_size": 0, "real_output_flux": 4.5, "replicas": 7, "error": 0.666666666666667}, "2020-07-31T18:28:15Z": {"lease_expired_count": 21, "expected_output_flux": 0.6666666666666666, "input_flux": 0.0, "queue_size": 0, "real_output_flux": 0.5, "replicas": 1, "error": 0.6666666666666666}, "2020-07-31T18:25:50Z": {"lease_expired_count": 14, "expected_output_flux": 4.0, "input_flux": 4.0, "queue_size": 10, "real_output_flux": 4.0, "replicas": 6, "error": 0.0}, "2020-07-31T18:24:12Z": {"lease_expired_count": 9, "expected_output_flux": 1.3333333333333333, "input_flux": 2.0, "queue_size": 0, "real_output_flux": 2.0, "replicas": 2, "error": -0.6666666666666667}, "2020-07-31T18:23:10Z": {"lease_expired_count": 8, "expected_output_flux": 2.6666666666666665, "input_flux": 2.0, "queue_size": 0, "real_output_flux": 2.5, "replicas": 4, "error": 0.6666666666666665}, "2020-07-31T18:18:10Z": {"lease_expired_count": 0, "expected_output_flux": 2.0, "input_flux": 2.0, "queue_size": 27, "real_output_flux": 2.5, "replicas": 3, "error": 0.0}, "2020-07-31T18:25:20Z": {"lease_expired_count": 13, "expected_output_flux": 2.6666666666666665, "input_flux": 3.0, "queue_size": 1, "real_output_flux": 1.5, "replicas": 4, "error": -0.3333333333333335}, "2020-07-31T18:19:13Z": {"lease_expired_count": 0, "expected_output_flux": 0.6666666666666666, "input_flux": 2.0, "queue_size": 0, "real_output_flux": 2.0, "replicas": 1, "error": -1.3333333333333335}, "2020-07-31T18:28:24Z": {"lease_expired_count": 21, "expected_output_flux": 0.6666666666666666, "input_flux": 0.0, "queue_size": 0, "real_output_flux": 0.0, "replicas": 1, "error": 0.6666666666666666}, "2020-07-31T18:20:31Z": {"lease_expired_count": 1, "expected_output_flux": 4.666666666666667, "input_flux": 4.0, "queue_size": 9, "real_output_flux": 4.0, "replicas": 7, "error": 0.666666666666667}, "2020-07-31T18:19:33Z": {"lease_expired_count": 0, "expected_output_flux": 3.3333333333333335, "input_flux": 2.0, "queue_size": 0, "real_output_flux": 2.5, "replicas": 5, "error": 1.3333333333333335}, "2020-07-31T18:23:22Z": {"lease_expired_count": 8, "expected_output_flux": 2.6666666666666665, "input_flux": 1.0, "queue_size": 0, "real_output_flux": 0.5, "replicas": 4, "error": 1.6666666666666665}, "2020-07-31T18:27:38Z": {"lease_expired_count": 20, "expected_output_flux": 4.666666666666667, "input_flux": 4.5, "queue_size": 0, "real_output_flux": 4.5, "replicas": 7, "error": 0.16666666666666696}, "2020-07-31T18:17:54Z": {"lease_expired_count": 0, "expected_output_flux": 2.0, "input_flux": 2.0, "queue_size": 24, "real_output_flux": 1.5, "replicas": 3, "error": 0.0}, "2020-07-31T18:23:01Z": {"lease_expired_count": 8, "expected_output_flux": 2.6666666666666665, "input_flux": 2.5, "queue_size": 0, "real_output_flux": 2.0, "replicas": 4, "error": 0.16666666666666652}, "2020-07-31T18:22:50Z": {"lease_expired_count": 8, "expected_output_flux": 0.6666666666666666, "input_flux": 2.0, "queue_size": 0, "real_output_flux": 2.0, "replicas": 1, "error": -1.3333333333333335}, "2020-07-31T18:27:15Z": {"lease_expired_count": 20, "expected_output_flux": 4.0, "input_flux": 4.5, "queue_size": 0, "real_output_flux": 4.0, "replicas": 6, "error": -0.5}, "2020-07-31T18:18:49Z": {"lease_expired_count": 0, "expected_output_flux": 2.0, "input_flux": 2.0, "queue_size": 4, "real_output_flux": 3.5, "replicas": 3, "error": 0.0}, "2020-07-31T18:25:26Z": {"lease_expired_count": 14, "expected_output_flux": 4.666666666666667, "input_flux": 4.5, "queue_size": 5, "real_output_flux": 4.0, "replicas": 7, "error": 0.16666666666666696}, "2020-07-31T18:28:20Z": {"lease_expired_count": 21, "expected_output_flux": 0.6666666666666666, "input_flux": 0.0, "queue_size": 0, "real_output_flux": 0.0, "replicas": 1, "error": 0.6666666666666666}, "2020-07-31T18:24:45Z": {"lease_expired_count": 12, "expected_output_flux": 2.6666666666666665, "input_flux": 2.0, "queue_size": 0, "real_output_flux": 1.5, "replicas": 4, "error": 0.6666666666666665}, "2020-07-31T18:27:34Z": {"lease_expired_count": 20, "expected_output_flux": 4.666666666666667, "input_flux": 4.5, "queue_size": 0, "real_output_flux": 4.0, "replicas": 7, "error": 0.16666666666666696}, "2020-07-31T18:26:16Z": {"lease_expired_count": 16, "expected_output_flux": 4.0, "input_flux": 4.5, "queue_size": 0, "real_output_flux": 4.0, "replicas": 6, "error": -0.5}, "2020-07-31T18:24:32Z": {"lease_expired_count": 12, "expected_output_flux": 2.6666666666666665, "input_flux": 2.0, "queue_size": 0, "real_output_flux": 2.5, "replicas": 4, "error": 0.6666666666666665}, "2020-07-31T18:24:19Z": {"lease_expired_count": 10, "expected_output_flux": 2.0, "input_flux": 2.5, "queue_size": 0, "real_output_flux": 2.0, "replicas": 3, "error": -0.5}, "2020-07-31T18:26:20Z": {"lease_expired_count": 16, "expected_output_flux": 4.0, "input_flux": 4.5, "queue_size": 0, "real_output_flux": 4.5, "replicas": 6, "error": -0.5}, "2020-07-31T18:20:40Z": {"lease_expired_count": 1, "expected_output_flux": 4.0, "input_flux": 4.0, "queue_size": 7, "real_output_flux": 5.5, "replicas": 6, "error": 0.0}, "2020-07-31T18:17:48Z": {"lease_expired_count": 0, "expected_output_flux": 2.0, "input_flux": 2.0, "queue_size": 19, "real_output_flux": 0.0, "replicas": 3, "error": 0.0}, "2020-07-31T18:19:40Z": {"lease_expired_count": 0, "expected_output_flux": 2.0, "input_flux": 2.0, "queue_size": 0, "real_output_flux": 1.0, "replicas": 3, "error": 0.0}, "2020-07-31T18:23:04Z": {"lease_expired_count": 8, "expected_output_flux": 2.6666666666666665, "input_flux": 2.0, "queue_size": 0, "real_output_flux": 2.5, "replicas": 4, "error": 0.6666666666666665}, "2020-07-31T18:22:17Z": {"lease_expired_count": 7, "expected_output_flux": 4.0, "input_flux": 4.0, "queue_size": 0, "real_output_flux": 4.5, "replicas": 6, "error": 0.0}, "2020-07-31T18:23:29Z": {"lease_expired_count": 8, "expected_output_flux": 2.6666666666666665, "input_flux": 2.0, "queue_size": 0, "real_output_flux": 1.5, "replicas": 4, "error": 0.6666666666666665}, "2020-07-31T18:22:54Z": {"lease_expired_count": 8, "expected_output_flux": 2.6666666666666665, "input_flux": 2.0, "queue_size": 0, "real_output_flux": 3.0, "replicas": 4, "error": 0.6666666666666665}, "2020-07-31T18:19:26Z": {"lease_expired_count": 0, "expected_output_flux": 2.0, "input_flux": 2.0, "queue_size": 0, "real_output_flux": 2.5, "replicas": 3, "error": 0.0}, "2020-07-31T18:23:57Z": {"lease_expired_count": 9, "expected_output_flux": 1.3333333333333333, "input_flux": 2.0, "queue_size": 0, "real_output_flux": 0.5, "replicas": 2, "error": -0.6666666666666667}, "2020-07-31T18:27:47Z": {"lease_expired_count": 20, "expected_output_flux": 5.333333333333333, "input_flux": 4.0, "queue_size": 0, "real_output_flux": 4.0, "replicas": 8, "error": 1.333333333333333}, "2020-07-31T18:21:28Z": {"lease_expired_count": 5, "expected_output_flux": 4.666666666666667, "input_flux": 4.5, "queue_size": 0, "real_output_flux": 3.5, "replicas": 7, "error": 0.16666666666666696}, "2020-07-31T18:25:54Z": {"lease_expired_count": 14, "expected_output_flux": 4.0, "input_flux": 4.0, "queue_size": 3, "real_output_flux": 6.5, "replicas": 6, "error": 0.0}, "2020-07-31T18:22:28Z": {"lease_expired_count": 8, "expected_output_flux": 4.0, "input_flux": 4.5, "queue_size": 0, "real_output_flux": 5.0, "replicas": 6, "error": -0.5}, "2020-07-31T18:26:42Z": {"lease_expired_count": 18, "expected_output_flux": 4.0, "input_flux": 4.5, "queue_size": 0, "real_output_flux": 4.0, "replicas": 6, "error": -0.5}, "2020-07-31T18:23:50Z": {"lease_expired_count": 9, "expected_output_flux": 2.6666666666666665, "input_flux": 2.0, "queue_size": 0, "real_output_flux": 1.5, "replicas": 4, "error": 0.6666666666666665}, "2020-07-31T18:27:58Z": {"lease_expired_count": 20, "expected_output_flux": 0.6666666666666666, "input_flux": 0.0, "queue_size": 0, "real_output_flux": 0.0, "replicas": 1, "error": 0.6666666666666666}, "2020-07-31T18:19:09Z": {"lease_expired_count": 0, "expected_output_flux": 4.0, "input_flux": 2.0, "queue_size": 0, "real_output_flux": 2.5, "replicas": 6, "error": 2.0}, "2020-07-31T18:26:33Z": {"lease_expired_count": 18, "expected_output_flux": 4.666666666666667, "input_flux": 4.5, "queue_size": 0, "real_output_flux": 4.5, "replicas": 7, "error": 0.16666666666666696}, "2020-07-31T18:22:39Z": {"lease_expired_count": 8, "expected_output_flux": 4.0, "input_flux": 4.5, "queue_size": 0, "real_output_flux": 4.5, "replicas": 6, "error": -0.5}, "2020-07-31T18:20:13Z": {"lease_expired_count": 1, "expected_output_flux": 3.3333333333333335, "input_flux": 4.0, "queue_size": 4, "real_output_flux": 2.5, "replicas": 5, "error": -0.6666666666666665}, "2020-07-31T18:18:12Z": {"lease_expired_count": 0, "expected_output_flux": 2.0, "input_flux": 2.0, "queue_size": 26, "real_output_flux": 2.5, "replicas": 3, "error": 0.0}, "2020-07-31T18:21:35Z": {"lease_expired_count": 6, "expected_output_flux": 4.0, "input_flux": 4.0, "queue_size": 0, "real_output_flux": 4.0, "replicas": 6, "error": 0.0}, "2020-07-31T18:28:26Z": {"lease_expired_count": 21, "expected_output_flux": 0.6666666666666666, "input_flux": 0.0, "queue_size": 0, "real_output_flux": 0.0, "replicas": 1, "error": 0.6666666666666666}, "2020-07-31T18:22:45Z": {"lease_expired_count": 8, "expected_output_flux": 4.666666666666667, "input_flux": 3.5, "queue_size": 0, "real_output_flux": 4.5, "replicas": 7, "error": 1.166666666666667}, "2020-07-31T18:28:02Z": {"lease_expired_count": 20, "expected_output_flux": 0.6666666666666666, "input_flux": 0.0, "queue_size": 0, "real_output_flux": 0.0, "replicas": 1, "error": 0.6666666666666666}, "2020-07-31T18:24:06Z": {"lease_expired_count": 9, "expected_output_flux": 2.6666666666666665, "input_flux": 2.0, "queue_size": 0, "real_output_flux": 2.0, "replicas": 4, "error": 0.6666666666666665}, "2020-07-31T18:19:20Z": {"lease_expired_count": 0, "expected_output_flux": 2.6666666666666665, "input_flux": 2.5, "queue_size": 0, "real_output_flux": 1.5, "replicas": 4, "error": 0.16666666666666652}, "2020-07-31T18:28:05Z": {"lease_expired_count": 20, "expected_output_flux": 0.6666666666666666, "input_flux": 0.0, "queue_size": 0, "real_output_flux": 0.0, "replicas": 1, "error": 0.6666666666666666}, "2020-07-31T18:19:05Z": {"lease_expired_count": 0, "expected_output_flux": 2.0, "input_flux": 3.0, "queue_size": 0, "real_output_flux": 2.0, "replicas": 3, "error": -1.0}, "2020-07-31T18:27:17Z": {"lease_expired_count": 20, "expected_output_flux": 4.666666666666667, "input_flux": 4.0, "queue_size": 0, "real_output_flux": 4.0, "replicas": 7, "error": 0.666666666666667}, "2020-07-31T18:23:33Z": {"lease_expired_count": 9, "expected_output_flux": 2.6666666666666665, "input_flux": 2.5, "queue_size": 0, "real_output_flux": 2.5, "replicas": 4, "error": 0.16666666666666652}, "2020-07-31T18:28:35Z": {"lease_expired_count": 21, "expected_output_flux": 0.6666666666666666, "input_flux": 0.0, "queue_size": 0, "real_output_flux": 0.0, "replicas": 1, "error": 0.6666666666666666}, "2020-07-31T18:26:55Z": {"lease_expired_count": 19, "expected_output_flux": 4.0, "input_flux": 4.5, "queue_size": 0, "real_output_flux": 4.0, "replicas": 6, "error": -0.5}, "2020-07-31T18:23:06Z": {"lease_expired_count": 8, "expected_output_flux": 2.6666666666666665, "input_flux": 2.0, "queue_size": 0, "real_output_flux": 2.0, "replicas": 4, "error": 0.6666666666666665}, "2020-07-31T18:22:06Z": {"lease_expired_count": 7, "expected_output_flux": 3.3333333333333335, "input_flux": 4.0, "queue_size": 0, "real_output_flux": 4.0, "replicas": 5, "error": -0.6666666666666665}, "2020-07-31T18:21:39Z": {"lease_expired_count": 6, "expected_output_flux": 4.666666666666667, "input_flux": 4.5, "queue_size": 0, "real_output_flux": 4.0, "replicas": 7, "error": 0.16666666666666696}, "2020-07-31T18:19:47Z": {"lease_expired_count": 0, "expected_output_flux": 2.0, "input_flux": 2.0, "queue_size": 0, "real_output_flux": 3.0, "replicas": 3, "error": 0.0}, "2020-07-31T18:22:25Z": {"lease_expired_count": 7, "expected_output_flux": 4.0, "input_flux": 4.0, "queue_size": 0, "real_output_flux": 5.0, "replicas": 6, "error": 0.0}, "2020-07-31T18:24:08Z": {"lease_expired_count": 9, "expected_output_flux": 2.6666666666666665, "input_flux": 2.0, "queue_size": 0, "real_output_flux": 3.0, "replicas": 4, "error": 0.6666666666666665}, "2020-07-31T18:27:41Z": {"lease_expired_count": 20, "expected_output_flux": 4.666666666666667, "input_flux": 4.0, "queue_size": 0, "real_output_flux": 4.5, "replicas": 7, "error": 0.666666666666667}, "2020-07-31T18:24:27Z": {"lease_expired_count": 12, "expected_output_flux": 2.0, "input_flux": 2.5, "queue_size": 0, "real_output_flux": 1.5, "replicas": 3, "error": -0.5}, "2020-07-31T18:25:34Z": {"lease_expired_count": 14, "expected_output_flux": 4.666666666666667, "input_flux": 4.0, "queue_size": 11, "real_output_flux": 4.0, "replicas": 7, "error": 0.666666666666667}, "2020-07-31T18:19:53Z": {"lease_expired_count": 0, "expected_output_flux": 2.6666666666666665, "input_flux": 2.0, "queue_size": 0, "real_output_flux": 2.5, "replicas": 4, "error": 0.6666666666666665}, "2020-07-31T18:26:29Z": {"lease_expired_count": 18, "expected_output_flux": 4.666666666666667, "input_flux": 4.5, "queue_size": 0, "real_output_flux": 4.5, "replicas": 7, "error": 0.16666666666666696}, "2020-07-31T18:21:33Z": {"lease_expired_count": 6, "expected_output_flux": 4.0, "input_flux": 4.5, "queue_size": 0, "real_output_flux": 6.0, "replicas": 6, "error": -0.5}, "2020-07-31T18:20:33Z": {"lease_expired_count": 1, "expected_output_flux": 4.0, "input_flux": 4.5, "queue_size": 11, "real_output_flux": 3.5, "replicas": 6, "error": -0.5}, "2020-07-31T18:19:45Z": {"lease_expired_count": 0, "expected_output_flux": 2.0, "input_flux": 2.0, "queue_size": 0, "real_output_flux": 1.5, "replicas": 3, "error": 0.0}, "2020-07-31T18:27:26Z": {"lease_expired_count": 20, "expected_output_flux": 4.666666666666667, "input_flux": 4.5, "queue_size": 0, "real_output_flux": 4.5, "replicas": 7, "error": 0.16666666666666696}, "2020-07-31T18:28:11Z": {"lease_expired_count": 21, "expected_output_flux": 0.6666666666666666, "input_flux": 0.0, "queue_size": 0, "real_output_flux": 0.0, "replicas": 1, "error": 0.6666666666666666}, "2020-07-31T18:20:42Z": {"lease_expired_count": 3, "expected_output_flux": 4.0, "input_flux": 4.5, "queue_size": 9, "real_output_flux": 4.5, "replicas": 6, "error": -0.5}, "2020-07-31T18:23:53Z": {"lease_expired_count": 9, "expected_output_flux": 2.6666666666666665, "input_flux": 2.0, "queue_size": 0, "real_output_flux": 3.0, "replicas": 4, "error": 0.6666666666666665}, "2020-07-31T18:25:07Z": {"lease_expired_count": 13, "expected_output_flux": 2.6666666666666665, "input_flux": 2.0, "queue_size": 0, "real_output_flux": 1.5, "replicas": 4, "error": 0.6666666666666665}, "2020-07-31T18:22:32Z": {"lease_expired_count": 8, "expected_output_flux": 4.666666666666667, "input_flux": 4.0, "queue_size": 0, "real_output_flux": 4.0, "replicas": 7, "error": 0.666666666666667}, "2020-07-31T18:22:08Z": {"lease_expired_count": 7, "expected_output_flux": 4.0, "input_flux": 4.0, "queue_size": 0, "real_output_flux": 4.5, "replicas": 6, "error": 0.0}, "2020-07-31T18:21:17Z": {"lease_expired_count": 5, "expected_output_flux": 4.0, "input_flux": 4.0, "queue_size": 0, "real_output_flux": 4.0, "replicas": 6, "error": 0.0}, "2020-07-31T18:19:24Z": {"lease_expired_count": 0, "expected_output_flux": 2.6666666666666665, "input_flux": 2.0, "queue_size": 0, "real_output_flux": 3.0, "replicas": 4, "error": 0.6666666666666665}, "2020-07-31T18:18:38Z": {"lease_expired_count": 0, "expected_output_flux": 2.0, "input_flux": 2.0, "queue_size": 14, "real_output_flux": 2.5, "replicas": 3, "error": 0.0}, "2020-07-31T18:23:12Z": {"lease_expired_count": 8, "expected_output_flux": 2.6666666666666665, "input_flux": 2.5, "queue_size": 0, "real_output_flux": 3.0, "replicas": 4, "error": 0.16666666666666652}, "2020-07-31T18:19:11Z": {"lease_expired_count": 0, "expected_output_flux": 0.6666666666666666, "input_flux": 2.5, "queue_size": 0, "real_output_flux": 2.0, "replicas": 1, "error": -1.8333333333333335}, "2020-07-31T18:28:30Z": {"lease_expired_count": 21, "expected_output_flux": 0.6666666666666666, "input_flux": 0.0, "queue_size": 0, "real_output_flux": 0.0, "replicas": 1, "error": 0.6666666666666666}, "2020-07-31T18:19:02Z": {"lease_expired_count": 0, "expected_output_flux": 2.0, "input_flux": 2.0, "queue_size": 0, "real_output_flux": 2.5, "replicas": 3, "error": 0.0}, "2020-07-31T18:23:59Z": {"lease_expired_count": 9, "expected_output_flux": 2.0, "input_flux": 2.0, "queue_size": 0, "real_output_flux": 2.0, "replicas": 3, "error": 0.0}, "2020-07-31T18:21:46Z": {"lease_expired_count": 6, "expected_output_flux": 4.0, "input_flux": 4.0, "queue_size": 0, "real_output_flux": 4.5, "replicas": 6, "error": 0.0}, "2020-07-31T18:23:44Z": {"lease_expired_count": 9, "expected_output_flux": 2.0, "input_flux": 2.0, "queue_size": 0, "real_output_flux": 3.0, "replicas": 3, "error": 0.0}, "2020-07-31T18:23:20Z": {"lease_expired_count": 8, "expected_output_flux": 2.6666666666666665, "input_flux": 2.0, "queue_size": 0, "real_output_flux": 1.5, "replicas": 4, "error": 0.6666666666666665}, "2020-07-31T18:28:28Z": {"lease_expired_count": 21, "expected_output_flux": 0.6666666666666666, "input_flux": 0.0, "queue_size": 0, "real_output_flux": 0.0, "replicas": 1, "error": 0.6666666666666666}, "2020-07-31T18:22:30Z": {"lease_expired_count": 8, "expected_output_flux": 4.666666666666667, "input_flux": 4.0, "queue_size": 0, "real_output_flux": 3.5, "replicas": 7, "error": 0.666666666666667}, "2020-07-31T18:22:12Z": {"lease_expired_count": 7, "expected_output_flux": 4.0, "input_flux": 4.0, "queue_size": 0, "real_output_flux": 4.0, "replicas": 6, "error": 0.0}, "2020-07-31T18:23:08Z": {"lease_expired_count": 8, "expected_output_flux": 2.6666666666666665, "input_flux": 2.5, "queue_size": 0, "real_output_flux": 1.0, "replicas": 4, "error": 0.16666666666666652}, "2020-07-31T18:26:18Z": {"lease_expired_count": 16, "expected_output_flux": 4.0, "input_flux": 4.0, "queue_size": 0, "real_output_flux": 4.0, "replicas": 6, "error": 0.0}, "2020-07-31T18:27:28Z": {"lease_expired_count": 20, "expected_output_flux": 4.666666666666667, "input_flux": 4.0, "queue_size": 0, "real_output_flux": 3.5, "replicas": 7, "error": 0.666666666666667}, "2020-07-31T18:25:44Z": {"lease_expired_count": 14, "expected_output_flux": 4.0, "input_flux": 4.0, "queue_size": 13, "real_output_flux": 3.5, "replicas": 6, "error": 0.0}, "2020-07-31T18:18:47Z": {"lease_expired_count": 0, "expected_output_flux": 2.0, "input_flux": 2.0, "queue_size": 7, "real_output_flux": 2.5, "replicas": 3, "error": 0.0}, "2020-07-31T18:24:01Z": {"lease_expired_count": 9, "expected_output_flux": 2.0, "input_flux": 2.0, "queue_size": 0, "real_output_flux": 2.5, "replicas": 3, "error": 0.0}, "2020-07-31T18:19:38Z": {"lease_expired_count": 0, "expected_output_flux": 2.0, "input_flux": 2.0, "queue_size": 0, "real_output_flux": 2.5, "replicas": 3, "error": 0.0}, "2020-07-31T18:26:51Z": {"lease_expired_count": 19, "expected_output_flux": 4.0, "input_flux": 4.5, "queue_size": 0, "real_output_flux": 4.5, "replicas": 6, "error": -0.5}, "2020-07-31T18:19:51Z": {"lease_expired_count": 0, "expected_output_flux": 2.0, "input_flux": 2.0, "queue_size": 0, "real_output_flux": 2.0, "replicas": 3, "error": 0.0}, "2020-07-31T18:18:36Z": {"lease_expired_count": 0, "expected_output_flux": 2.0, "input_flux": 2.5, "queue_size": 15, "real_output_flux": 2.5, "replicas": 3, "error": -0.5}, "2020-07-31T18:19:00Z": {"lease_expired_count": 0, "expected_output_flux": 2.0, "input_flux": 2.0, "queue_size": 0, "real_output_flux": 2.0, "replicas": 3, "error": 0.0}, "2020-07-31T18:20:11Z": {"lease_expired_count": 1, "expected_output_flux": 2.0, "input_flux": 3.0, "queue_size": 1, "real_output_flux": 2.0, "replicas": 3, "error": -1.0}, "2020-07-31T18:26:14Z": {"lease_expired_count": 16, "expected_output_flux": 4.666666666666667, "input_flux": 4.0, "queue_size": 0, "real_output_flux": 4.5, "replicas": 7, "error": 0.666666666666667}, "2020-07-31T18:24:51Z": {"lease_expired_count": 12, "expected_output_flux": 2.6666666666666665, "input_flux": 2.0, "queue_size": 0, "real_output_flux": 2.5, "replicas": 4, "error": 0.6666666666666665}, "2020-07-31T18:26:25Z": {"lease_expired_count": 18, "expected_output_flux": 4.0, "input_flux": 4.5, "queue_size": 1, "real_output_flux": 4.5, "replicas": 6, "error": -0.5}, "2020-07-31T18:22:52Z": {"lease_expired_count": 8, "expected_output_flux": 0.6666666666666666, "input_flux": 2.0, "queue_size": 0, "real_output_flux": 2.0, "replicas": 1, "error": -1.3333333333333335}, "2020-07-31T18:20:15Z": {"lease_expired_count": 1, "expected_output_flux": 3.3333333333333335, "input_flux": 4.5, "queue_size": 8, "real_output_flux": 2.5, "replicas": 5, "error": -1.1666666666666665}, "2020-07-31T18:24:49Z": {"lease_expired_count": 12, "expected_output_flux": 2.6666666666666665, "input_flux": 2.5, "queue_size": 0, "real_output_flux": 2.5, "replicas": 4, "error": 0.16666666666666652}, "2020-07-31T18:24:04Z": {"lease_expired_count": 9, "expected_output_flux": 2.0, "input_flux": 2.5, "queue_size": 0, "real_output_flux": 2.5, "replicas": 3, "error": -0.5}, "2020-07-31T18:23:55Z": {"lease_expired_count": 9, "expected_output_flux": 1.3333333333333333, "input_flux": 2.5, "queue_size": 0, "real_output_flux": 2.0, "replicas": 2, "error": -1.1666666666666667}, "2020-07-31T18:23:15Z": {"lease_expired_count": 8, "expected_output_flux": 2.6666666666666665, "input_flux": 2.0, "queue_size": 0, "real_output_flux": 2.0, "replicas": 4, "error": 0.6666666666666665}, "2020-07-31T18:18:53Z": {"lease_expired_count": 0, "expected_output_flux": 2.0, "input_flux": 2.0, "queue_size": 0, "real_output_flux": 4.0, "replicas": 3, "error": 0.0}, "2020-07-31T18:24:17Z": {"lease_expired_count": 9, "expected_output_flux": 2.0, "input_flux": 2.0, "queue_size": 0, "real_output_flux": 1.5, "replicas": 3, "error": 0.0}, "2020-07-31T18:20:48Z": {"lease_expired_count": 3, "expected_output_flux": 4.666666666666667, "input_flux": 4.5, "queue_size": 0, "real_output_flux": 5.0, "replicas": 7, "error": 0.16666666666666696}, "2020-07-31T18:25:18Z": {"lease_expired_count": 13, "expected_output_flux": 2.0, "input_flux": 2.5, "queue_size": 0, "real_output_flux": 1.5, "replicas": 3, "error": -0.5}, "2020-07-31T18:18:18Z": {"lease_expired_count": 0, "expected_output_flux": 2.0, "input_flux": 2.0, "queue_size": 25, "real_output_flux": 1.5, "replicas": 3, "error": 0.0}, "2020-07-31T18:25:52Z": {"lease_expired_count": 14, "expected_output_flux": 4.0, "input_flux": 4.5, "queue_size": 7, "real_output_flux": 6.0, "replicas": 6, "error": -0.5}, "2020-07-31T18:28:17Z": {"lease_expired_count": 21, "expected_output_flux": 0.6666666666666666, "input_flux": 0.0, "queue_size": 0, "real_output_flux": 0.0, "replicas": 1, "error": 0.6666666666666666}, "2020-07-31T18:27:21Z": {"lease_expired_count": 20, "expected_output_flux": 4.666666666666667, "input_flux": 4.0, "queue_size": 0, "real_output_flux": 4.5, "replicas": 7, "error": 0.666666666666667}, "2020-07-31T18:27:30Z": {"lease_expired_count": 20, "expected_output_flux": 4.666666666666667, "input_flux": 4.5, "queue_size": 0, "real_output_flux": 5.0, "replicas": 7, "error": 0.16666666666666696}, "2020-07-31T18:21:11Z": {"lease_expired_count": 5, "expected_output_flux": 4.666666666666667, "input_flux": 4.0, "queue_size": 0, "real_output_flux": 5.0, "replicas": 7, "error": 0.666666666666667}, "2020-07-31T18:18:51Z": {"lease_expired_count": 0, "expected_output_flux": 2.0, "input_flux": 2.5, "queue_size": 3, "real_output_flux": 3.0, "replicas": 3, "error": -0.5}, "2020-07-31T18:19:07Z": {"lease_expired_count": 0, "expected_output_flux": 4.0, "input_flux": 2.0, "queue_size": 0, "real_output_flux": 2.0, "replicas": 6, "error": 2.0}, "2020-07-31T18:18:03Z": {"lease_expired_count": 0, "expected_output_flux": 2.0, "input_flux": 2.0, "queue_size": 28, "real_output_flux": 1.0, "replicas": 3, "error": 0.0}, "2020-07-31T18:28:00Z": {"lease_expired_count": 20, "expected_output_flux": 0.6666666666666666, "input_flux": 0.0, "queue_size": 0, "real_output_flux": 0.0, "replicas": 1, "error": 0.6666666666666666}, "2020-07-31T18:18:42Z": {"lease_expired_count": 0, "expected_output_flux": 2.0, "input_flux": 2.5, "queue_size": 10, "real_output_flux": 2.5, "replicas": 3, "error": -0.5}, "2020-07-31T18:26:49Z": {"lease_expired_count": 19, "expected_output_flux": 4.0, "input_flux": 4.0, "queue_size": 0, "real_output_flux": 4.5, "replicas": 6, "error": 0.0}, "2020-07-31T18:24:54Z": {"lease_expired_count": 12, "expected_output_flux": 2.6666666666666665, "input_flux": 2.0, "queue_size": 0, "real_output_flux": 2.0, "replicas": 4, "error": 0.6666666666666665}, "2020-07-31T18:25:46Z": {"lease_expired_count": 14, "expected_output_flux": 4.0, "input_flux": 4.5, "queue_size": 12, "real_output_flux": 5.0, "replicas": 6, "error": -0.5}, "2020-07-31T18:28:09Z": {"lease_expired_count": 20, "expected_output_flux": 0.6666666666666666, "input_flux": 0.0, "queue_size": 0, "real_output_flux": 0.0, "replicas": 1, "error": 0.6666666666666666}, "2020-07-31T18:26:22Z": {"lease_expired_count": 16, "expected_output_flux": 4.0, "input_flux": 4.0, "queue_size": 0, "real_output_flux": 4.0, "replicas": 6, "error": 0.0}, "2020-07-31T18:18:40Z": {"lease_expired_count": 0, "expected_output_flux": 2.0, "input_flux": 2.0, "queue_size": 10, "real_output_flux": 4.0, "replicas": 3, "error": 0.0}, "2020-07-31T18:21:04Z": {"lease_expired_count": 4, "expected_output_flux": 4.0, "input_flux": 4.0, "queue_size": 0, "real_output_flux": 3.0, "replicas": 6, "error": 0.0}, "2020-07-31T18:21:21Z": {"lease_expired_count": 5, "expected_output_flux": 4.666666666666667, "input_flux": 4.0, "queue_size": 0, "real_output_flux": 4.0, "replicas": 7, "error": 0.666666666666667}, "2020-07-31T18:25:32Z": {"lease_expired_count": 14, "expected_output_flux": 4.666666666666667, "input_flux": 6.0, "queue_size": 12, "real_output_flux": 5.0, "replicas": 7, "error": -1.333333333333333}, "2020-07-31T18:26:59Z": {"lease_expired_count": 19, "expected_output_flux": 4.666666666666667, "input_flux": 4.5, "queue_size": 0, "real_output_flux": 4.0, "replicas": 7, "error": 0.16666666666666696}, "2020-07-31T18:23:42Z": {"lease_expired_count": 9, "expected_output_flux": 1.3333333333333333, "input_flux": 2.0, "queue_size": 0, "real_output_flux": 1.5, "replicas": 2, "error": -0.6666666666666667}, "2020-07-31T18:24:25Z": {"lease_expired_count": 11, "expected_output_flux": 2.0, "input_flux": 2.0, "queue_size": 0, "real_output_flux": 2.5, "replicas": 3, "error": 0.0}, "2020-07-31T18:24:21Z": {"lease_expired_count": 11, "expected_output_flux": 2.6666666666666665, "input_flux": 2.0, "queue_size": 0, "real_output_flux": 3.0, "replicas": 4, "error": 0.6666666666666665}, "2020-07-31T18:22:19Z": {"lease_expired_count": 7, "expected_output_flux": 4.0, "input_flux": 4.5, "queue_size": 0, "real_output_flux": 5.0, "replicas": 6, "error": -0.5}, "2020-07-31T18:27:36Z": {"lease_expired_count": 20, "expected_output_flux": 4.666666666666667, "input_flux": 4.0, "queue_size": 0, "real_output_flux": 3.5, "replicas": 7, "error": 0.666666666666667}, "2020-07-31T18:27:49Z": {"lease_expired_count": 20, "expected_output_flux": 5.333333333333333, "input_flux": 4.0, "queue_size": 0, "real_output_flux": 4.0, "replicas": 8, "error": 1.333333333333333}, "2020-07-31T18:17:41Z": {"lease_expired_count": 0, "expected_output_flux": 2.0, "input_flux": 2.5, "queue_size": 9, "real_output_flux": 0.0, "replicas": 3, "error": -0.5}, "2020-07-31T18:25:15Z": {"lease_expired_count": 13, "expected_output_flux": 2.0, "input_flux": 2.0, "queue_size": 0, "real_output_flux": 2.5, "replicas": 3, "error": 0.0}, "2020-07-31T18:21:41Z": {"lease_expired_count": 6, "expected_output_flux": 4.666666666666667, "input_flux": 4.0, "queue_size": 0, "real_output_flux": 3.5, "replicas": 7, "error": 0.666666666666667}, "2020-07-31T18:27:06Z": {"lease_expired_count": 20, "expected_output_flux": 4.0, "input_flux": 4.0, "queue_size": 0, "real_output_flux": 4.5, "replicas": 6, "error": 0.0}, "2020-07-31T18:23:35Z": {"lease_expired_count": 9, "expected_output_flux": 2.6666666666666665, "input_flux": 2.0, "queue_size": 0, "real_output_flux": 3.0, "replicas": 4, "error": 0.6666666666666665}, "2020-07-31T18:25:41Z": {"lease_expired_count": 14, "expected_output_flux": 4.0, "input_flux": 4.5, "queue_size": 12, "real_output_flux": 4.5, "replicas": 6, "error": -0.5}, "2020-07-31T18:27:54Z": {"lease_expired_count": 20, "expected_output_flux": 3.3333333333333335, "input_flux": 1.0, "queue_size": 0, "real_output_flux": 3.0, "replicas": 5, "error": 2.3333333333333335}, "2020-07-31T18:20:04Z": {"lease_expired_count": 1, "expected_output_flux": 2.0, "input_flux": 2.0, "queue_size": 0, "real_output_flux": 2.5, "replicas": 3, "error": 0.0}, "2020-07-31T18:25:02Z": {"lease_expired_count": 12, "expected_output_flux": 2.0, "input_flux": 2.5, "queue_size": 0, "real_output_flux": 2.0, "replicas": 3, "error": -0.5}, "2020-07-31T18:19:22Z": {"lease_expired_count": 0, "expected_output_flux": 2.6666666666666665, "input_flux": 2.0, "queue_size": 0, "real_output_flux": 2.5, "replicas": 4, "error": 0.6666666666666665}, "2020-07-31T18:23:40Z": {"lease_expired_count": 9, "expected_output_flux": 1.3333333333333333, "input_flux": 2.5, "queue_size": 0, "real_output_flux": 1.5, "replicas": 2, "error": -1.1666666666666667}, "2020-07-31T18:21:08Z": {"lease_expired_count": 5, "expected_output_flux": 4.666666666666667, "input_flux": 4.5, "queue_size": 0, "real_output_flux": 5.0, "replicas": 7, "error": 0.16666666666666696}, "2020-07-31T18:26:05Z": {"lease_expired_count": 16, "expected_output_flux": 4.0, "input_flux": 4.5, "queue_size": 0, "real_output_flux": 4.5, "replicas": 6, "error": -0.5}, "2020-07-31T18:21:30Z": {"lease_expired_count": 5, "expected_output_flux": 4.666666666666667, "input_flux": 4.0, "queue_size": 0, "real_output_flux": 3.5, "replicas": 7, "error": 0.666666666666667}, "2020-07-31T18:22:03Z": {"lease_expired_count": 7, "expected_output_flux": 3.3333333333333335, "input_flux": 4.5, "queue_size": 1, "real_output_flux": 5.0, "replicas": 5, "error": -1.1666666666666665}, "2020-07-31T18:17:52Z": {"lease_expired_count": 0, "expected_output_flux": 2.0, "input_flux": 2.0, "queue_size": 23, "real_output_flux": 1.0, "replicas": 3, "error": 0.0}, "2020-07-31T18:28:13Z": {"lease_expired_count": 21, "expected_output_flux": 0.6666666666666666, "input_flux": 0.0, "queue_size": 0, "real_output_flux": 0.0, "replicas": 1, "error": 0.6666666666666666}, "2020-07-31T18:28:22Z": {"lease_expired_count": 21, "expected_output_flux": 0.6666666666666666, "input_flux": 0.0, "queue_size": 0, "real_output_flux": 0.0, "replicas": 1, "error": 0.6666666666666666}, "2020-07-31T18:26:12Z": {"lease_expired_count": 16, "expected_output_flux": 4.666666666666667, "input_flux": 4.0, "queue_size": 0, "real_output_flux": 4.0, "replicas": 7, "error": 0.666666666666667}, "2020-07-31T18:27:02Z": {"lease_expired_count": 19, "expected_output_flux": 4.666666666666667, "input_flux": 4.5, "queue_size": 0, "real_output_flux": 4.5, "replicas": 7, "error": 0.16666666666666696}, "2020-07-31T18:22:36Z": {"lease_expired_count": 8, "expected_output_flux": 4.0, "input_flux": 4.0, "queue_size": 0, "real_output_flux": 3.5, "replicas": 6, "error": 0.0}, "2020-07-31T18:18:14Z": {"lease_expired_count": 0, "expected_output_flux": 2.0, "input_flux": 2.0, "queue_size": 25, "real_output_flux": 2.5, "replicas": 3, "error": 0.0}, "2020-07-31T18:21:44Z": {"lease_expired_count": 6, "expected_output_flux": 4.0, "input_flux": 4.5, "queue_size": 0, "real_output_flux": 4.5, "replicas": 6, "error": -0.5}, "2020-07-31T18:27:04Z": {"lease_expired_count": 19, "expected_output_flux": 4.666666666666667, "input_flux": 4.0, "queue_size": 0, "real_output_flux": 4.0, "replicas": 7, "error": 0.666666666666667}}}