{"end_time": 1596226498.81627, "report": {"2020-07-31T20:09:02Z": {"expected_output_flux": 6.666666666666667, "replicas": 10, "queue_size": 0, "real_output_flux": 4.0, "error": -0.5, "lease_expired_count": 4, "input_flux": 4.5}, "2020-07-31T20:10:19Z": {"expected_output_flux": 5.333333333333333, "replicas": 8, "queue_size": 0, "real_output_flux": 2.5, "error": 0.0, "lease_expired_count": 4, "input_flux": 2.5}, "2020-07-31T20:05:02Z": {"expected_output_flux": 6.666666666666667, "replicas": 10, "queue_size": 20, "real_output_flux": 0.5, "error": -1.5, "lease_expired_count": 0, "input_flux": 2.0}, "2020-07-31T20:08:08Z": {"expected_output_flux": 6.666666666666667, "replicas": 10, "queue_size": 0, "real_output_flux": 4.0, "error": -0.5, "lease_expired_count": 3, "input_flux": 4.5}, "2020-07-31T20:14:51Z": {"expected_output_flux": 4.0, "replicas": 6, "queue_size": 0, "real_output_flux": 4.5, "error": 0.5, "lease_expired_count": 5, "input_flux": 4.0}, "2020-07-31T20:06:40Z": {"expected_output_flux": 6.666666666666667, "replicas": 10, "queue_size": 0, "real_output_flux": 1.5, "error": -1.0, "lease_expired_count": 0, "input_flux": 2.5}, "2020-07-31T20:13:11Z": {"expected_output_flux": 6.666666666666667, "replicas": 10, "queue_size": 0, "real_output_flux": 4.0, "error": -0.5, "lease_expired_count": 5, "input_flux": 4.5}, "2020-07-31T20:11:54Z": {"expected_output_flux": 6.666666666666667, "replicas": 10, "queue_size": 0, "real_output_flux": 2.0, "error": 0.0, "lease_expired_count": 5, "input_flux": 2.0}, "2020-07-31T20:07:18Z": {"expected_output_flux": 6.666666666666667, "replicas": 10, "queue_size": 0, "real_output_flux": 2.5, "error": 0.5, "lease_expired_count": 3, "input_flux": 2.0}, "2020-07-31T20:12:23Z": {"expected_output_flux": 6.666666666666667, "replicas": 10, "queue_size": 0, "real_output_flux": 2.5, "error": 0.5, "lease_expired_count": 5, "input_flux": 2.0}, "2020-07-31T20:05:53Z": {"expected_output_flux": 4.666666666666667, "replicas": 7, "queue_size": 5, "real_output_flux": 1.5, "error": -0.5, "lease_expired_count": 0, "input_flux": 2.0}, "2020-07-31T20:14:27Z": {"expected_output_flux": 6.0, "replicas": 9, "queue_size": 0, "real_output_flux": 4.0, "error": 0.0, "lease_expired_count": 5, "input_flux": 4.0}, "2020-07-31T20:11:13Z": {"expected_output_flux": 6.666666666666667, "replicas": 10, "queue_size": 0, "real_output_flux": 2.0, "error": -0.5, "lease_expired_count": 4, "input_flux": 2.5}, "2020-07-31T20:12:58Z": {"expected_output_flux": 6.666666666666667, "replicas": 10, "queue_size": 0, "real_output_flux": 4.5, "error": 0.0, "lease_expired_count": 5, "input_flux": 4.5}, "2020-07-31T20:14:10Z": {"expected_output_flux": 6.666666666666667, "replicas": 10, "queue_size": 0, "real_output_flux": 4.5, "error": 0.0, "lease_expired_count": 5, "input_flux": 4.5}, "2020-07-31T20:09:42Z": {"expected_output_flux": 6.666666666666667, "replicas": 10, "queue_size": 0, "real_output_flux": 4.0, "error": 0.0, "lease_expired_count": 4, "input_flux": 4.0}, "2020-07-31T20:07:29Z": {"expected_output_flux": 6.666666666666667, "replicas": 10, "queue_size": 0, "real_output_flux": 5.0, "error": 0.5, "lease_expired_count": 3, "input_flux": 4.5}, "2020-07-31T20:10:49Z": {"expected_output_flux": 6.0, "replicas": 9, "queue_size": 0, "real_output_flux": 1.5, "error": -0.5, "lease_expired_count": 4, "input_flux": 2.0}, "2020-07-31T20:08:41Z": {"expected_output_flux": 6.666666666666667, "replicas": 10, "queue_size": 0, "real_output_flux": 4.0, "error": -0.5, "lease_expired_count": 3, "input_flux": 4.5}, "2020-07-31T20:11:20Z": {"expected_output_flux": 6.666666666666667, "replicas": 10, "queue_size": 0, "real_output_flux": 2.5, "error": 0.5, "lease_expired_count": 4, "input_flux": 2.0}, "2020-07-31T20:12:47Z": {"expected_output_flux": 6.666666666666667, "replicas": 10, "queue_size": 0, "real_output_flux": 4.0, "error": -0.5, "lease_expired_count": 5, "input_flux": 4.5}, "2020-07-31T20:11:59Z": {"expected_output_flux": 6.666666666666667, "replicas": 10, "queue_size": 0, "real_output_flux": 3.0, "error": 1.0, "lease_expired_count": 5, "input_flux": 2.0}, "2020-07-31T20:11:57Z": {"expected_output_flux": 6.666666666666667, "replicas": 10, "queue_size": 0, "real_output_flux": 1.5, "error": -1.0, "lease_expired_count": 5, "input_flux": 2.5}, "2020-07-31T20:05:11Z": {"expected_output_flux": 6.0, "replicas": 9, "queue_size": 5, "real_output_flux": 7.5, "error": 4.5, "lease_expired_count": 0, "input_flux": 3.0}, "2020-07-31T20:06:29Z": {"expected_output_flux": 6.0, "replicas": 9, "queue_size": 0, "real_output_flux": 2.5, "error": 0.0, "lease_expired_count": 0, "input_flux": 2.5}, "2020-07-31T20:09:53Z": {"expected_output_flux": 6.666666666666667, "replicas": 10, "queue_size": 0, "real_output_flux": 4.0, "error": -0.5, "lease_expired_count": 4, "input_flux": 4.5}, "2020-07-31T20:05:44Z": {"expected_output_flux": 2.6666666666666665, "replicas": 4, "queue_size": 0, "real_output_flux": 2.0, "error": 0.0, "lease_expired_count": 0, "input_flux": 2.0}, "2020-07-31T20:08:49Z": {"expected_output_flux": 6.666666666666667, "replicas": 10, "queue_size": 0, "real_output_flux": 4.0, "error": -0.5, "lease_expired_count": 3, "input_flux": 4.5}, "2020-07-31T20:07:44Z": {"expected_output_flux": 6.666666666666667, "replicas": 10, "queue_size": 0, "real_output_flux": 4.5, "error": 0.5, "lease_expired_count": 3, "input_flux": 4.0}, "2020-07-31T20:09:33Z": {"expected_output_flux": 6.666666666666667, "replicas": 10, "queue_size": 0, "real_output_flux": 4.0, "error": -0.5, "lease_expired_count": 4, "input_flux": 4.5}, "2020-07-31T20:07:20Z": {"expected_output_flux": 6.666666666666667, "replicas": 10, "queue_size": 0, "real_output_flux": 2.0, "error": -0.5, "lease_expired_count": 3, "input_flux": 2.5}, "2020-07-31T20:05:59Z": {"expected_output_flux": 6.666666666666667, "replicas": 10, "queue_size": 1, "real_output_flux": 3.0, "error": 1.0, "lease_expired_count": 0, "input_flux": 2.0}, "2020-07-31T20:14:40Z": {"expected_output_flux": 5.333333333333333, "replicas": 8, "queue_size": 0, "real_output_flux": 4.0, "error": -0.5, "lease_expired_count": 5, "input_flux": 4.5}, "2020-07-31T20:11:33Z": {"expected_output_flux": 6.0, "replicas": 9, "queue_size": 0, "real_output_flux": 2.0, "error": 0.0, "lease_expired_count": 5, "input_flux": 2.0}, "2020-07-31T20:08:45Z": {"expected_output_flux": 6.666666666666667, "replicas": 10, "queue_size": 0, "real_output_flux": 4.5, "error": 0.0, "lease_expired_count": 3, "input_flux": 4.5}, "2020-07-31T20:10:34Z": {"expected_output_flux": 5.333333333333333, "replicas": 8, "queue_size": 0, "real_output_flux": 2.0, "error": 0.0, "lease_expired_count": 4, "input_flux": 2.0}, "2020-07-31T20:07:59Z": {"expected_output_flux": 6.666666666666667, "replicas": 10, "queue_size": 0, "real_output_flux": 4.5, "error": 0.0, "lease_expired_count": 3, "input_flux": 4.5}, "2020-07-31T20:04:52Z": {"expected_output_flux": 3.3333333333333335, "replicas": 5, "queue_size": 12, "real_output_flux": 0.0, "error": -2.0, "lease_expired_count": 0, "input_flux": 2.0}, "2020-07-31T20:13:22Z": {"expected_output_flux": 6.666666666666667, "replicas": 10, "queue_size": 0, "real_output_flux": 4.0, "error": 0.0, "lease_expired_count": 5, "input_flux": 4.0}, "2020-07-31T20:13:00Z": {"expected_output_flux": 6.666666666666667, "replicas": 10, "queue_size": 0, "real_output_flux": 4.0, "error": 0.0, "lease_expired_count": 5, "input_flux": 4.0}, "2020-07-31T20:06:15Z": {"expected_output_flux": 4.666666666666667, "replicas": 7, "queue_size": 0, "real_output_flux": 2.0, "error": 0.0, "lease_expired_count": 0, "input_flux": 2.0}, "2020-07-31T20:06:35Z": {"expected_output_flux": 6.666666666666667, "replicas": 10, "queue_size": 0, "real_output_flux": 2.5, "error": 0.5, "lease_expired_count": 0, "input_flux": 2.0}, "2020-07-31T20:12:03Z": {"expected_output_flux": 6.666666666666667, "replicas": 10, "queue_size": 0, "real_output_flux": 2.0, "error": -0.5, "lease_expired_count": 5, "input_flux": 2.5}, "2020-07-31T20:10:30Z": {"expected_output_flux": 5.333333333333333, "replicas": 8, "queue_size": 0, "real_output_flux": 2.0, "error": 0.0, "lease_expired_count": 4, "input_flux": 2.0}, "2020-07-31T20:08:30Z": {"expected_output_flux": 6.666666666666667, "replicas": 10, "queue_size": 0, "real_output_flux": 4.0, "error": -0.5, "lease_expired_count": 3, "input_flux": 4.5}, "2020-07-31T20:05:42Z": {"expected_output_flux": 2.0, "replicas": 3, "queue_size": 0, "real_output_flux": 1.5, "error": -0.5, "lease_expired_count": 0, "input_flux": 2.0}, "2020-07-31T20:12:52Z": {"expected_output_flux": 6.666666666666667, "replicas": 10, "queue_size": 0, "real_output_flux": 4.5, "error": 0.0, "lease_expired_count": 5, "input_flux": 4.5}, "2020-07-31T20:09:40Z": {"expected_output_flux": 6.666666666666667, "replicas": 10, "queue_size": 0, "real_output_flux": 4.0, "error": -0.5, "lease_expired_count": 4, "input_flux": 4.5}, "2020-07-31T20:15:00Z": {"expected_output_flux": 4.666666666666667, "replicas": 7, "queue_size": 0, "real_output_flux": 3.5, "error": 2.0, "lease_expired_count": 5, "input_flux": 1.5}, "2020-07-31T20:09:37Z": {"expected_output_flux": 6.666666666666667, "replicas": 10, "queue_size": 0, "real_output_flux": 4.5, "error": 0.0, "lease_expired_count": 4, "input_flux": 4.5}, "2020-07-31T20:08:51Z": {"expected_output_flux": 6.666666666666667, "replicas": 10, "queue_size": 0, "real_output_flux": 4.5, "error": 0.5, "lease_expired_count": 3, "input_flux": 4.0}, "2020-07-31T20:09:09Z": {"expected_output_flux": 6.666666666666667, "replicas": 10, "queue_size": 0, "real_output_flux": 5.0, "error": 0.5, "lease_expired_count": 4, "input_flux": 4.5}, "2020-07-31T20:12:56Z": {"expected_output_flux": 6.666666666666667, "replicas": 10, "queue_size": 0, "real_output_flux": 4.5, "error": 0.0, "lease_expired_count": 5, "input_flux": 4.5}, "2020-07-31T20:10:43Z": {"expected_output_flux": 5.333333333333333, "replicas": 8, "queue_size": 0, "real_output_flux": 2.0, "error": 0.0, "lease_expired_count": 4, "input_flux": 2.0}, "2020-07-31T20:14:34Z": {"expected_output_flux": 6.0, "replicas": 9, "queue_size": 0, "real_output_flux": 4.5, "error": 0.5, "lease_expired_count": 5, "input_flux": 4.0}, "2020-07-31T20:14:36Z": {"expected_output_flux": 6.0, "replicas": 9, "queue_size": 0, "real_output_flux": 4.0, "error": -0.5, "lease_expired_count": 5, "input_flux": 4.5}, "2020-07-31T20:09:29Z": {"expected_output_flux": 6.666666666666667, "replicas": 10, "queue_size": 0, "real_output_flux": 4.5, "error": -0.5, "lease_expired_count": 4, "input_flux": 5.0}, "2020-07-31T20:08:04Z": {"expected_output_flux": 6.666666666666667, "replicas": 10, "queue_size": 0, "real_output_flux": 4.5, "error": 0.0, "lease_expired_count": 3, "input_flux": 4.5}, "2020-07-31T20:05:39Z": {"expected_output_flux": 2.0, "replicas": 3, "queue_size": 0, "real_output_flux": 2.5, "error": 0.0, "lease_expired_count": 0, "input_flux": 2.5}, "2020-07-31T20:12:50Z": {"expected_output_flux": 6.666666666666667, "replicas": 10, "queue_size": 0, "real_output_flux": 4.0, "error": 0.0, "lease_expired_count": 5, "input_flux": 4.0}, "2020-07-31T20:10:54Z": {"expected_output_flux": 6.666666666666667, "replicas": 10, "queue_size": 0, "real_output_flux": 2.0, "error": -0.5, "lease_expired_count": 4, "input_flux": 2.5}, "2020-07-31T20:07:11Z": {"expected_output_flux": 6.666666666666667, "replicas": 10, "queue_size": 0, "real_output_flux": 2.5, "error": 0.0, "lease_expired_count": 3, "input_flux": 2.5}, "2020-07-31T20:07:02Z": {"expected_output_flux": 6.666666666666667, "replicas": 10, "queue_size": 0, "real_output_flux": 2.0, "error": -0.5, "lease_expired_count": 3, "input_flux": 2.5}, "2020-07-31T20:14:43Z": {"expected_output_flux": 5.333333333333333, "replicas": 8, "queue_size": 0, "real_output_flux": 4.5, "error": 0.5, "lease_expired_count": 5, "input_flux": 4.0}, "2020-07-31T20:06:06Z": {"expected_output_flux": 4.666666666666667, "replicas": 7, "queue_size": 0, "real_output_flux": 2.0, "error": 0.0, "lease_expired_count": 0, "input_flux": 2.0}, "2020-07-31T20:10:03Z": {"expected_output_flux": 4.666666666666667, "replicas": 7, "queue_size": 0, "real_output_flux": 2.0, "error": -0.5, "lease_expired_count": 4, "input_flux": 2.5}, "2020-07-31T20:12:08Z": {"expected_output_flux": 6.666666666666667, "replicas": 10, "queue_size": 0, "real_output_flux": 2.5, "error": 0.0, "lease_expired_count": 5, "input_flux": 2.5}, "2020-07-31T20:09:00Z": {"expected_output_flux": 6.666666666666667, "replicas": 10, "queue_size": 0, "real_output_flux": 4.5, "error": 0.5, "lease_expired_count": 4, "input_flux": 4.0}, "2020-07-31T20:08:47Z": {"expected_output_flux": 6.666666666666667, "replicas": 10, "queue_size": 0, "real_output_flux": 4.5, "error": 0.5, "lease_expired_count": 3, "input_flux": 4.0}, "2020-07-31T20:10:32Z": {"expected_output_flux": 5.333333333333333, "replicas": 8, "queue_size": 0, "real_output_flux": 2.0, "error": -0.5, "lease_expired_count": 4, "input_flux": 2.5}, "2020-07-31T20:12:34Z": {"expected_output_flux": 6.666666666666667, "replicas": 10, "queue_size": 0, "real_output_flux": 4.0, "error": -0.5, "lease_expired_count": 5, "input_flux": 4.5}, "2020-07-31T20:13:15Z": {"expected_output_flux": 6.666666666666667, "replicas": 10, "queue_size": 0, "real_output_flux": 4.0, "error": -0.5, "lease_expired_count": 5, "input_flux": 4.5}, "2020-07-31T20:15:04Z": {"expected_output_flux": 4.666666666666667, "replicas": 7, "queue_size": 0, "real_output_flux": 0.0, "error": 0.0, "lease_expired_count": 5, "input_flux": 0.0}, "2020-07-31T20:13:40Z": {"expected_output_flux": 6.666666666666667, "replicas": 10, "queue_size": 0, "real_output_flux": 4.0, "error": 0.0, "lease_expired_count": 5, "input_flux": 4.0}, "2020-07-31T20:10:51Z": {"expected_output_flux": 6.666666666666667, "replicas": 10, "queue_size": 0, "real_output_flux": 2.5, "error": 0.5, "lease_expired_count": 4, "input_flux": 2.0}, "2020-07-31T20:09:05Z": {"expected_output_flux": 6.666666666666667, "replicas": 10, "queue_size": 0, "real_output_flux": 4.5, "error": 0.5, "lease_expired_count": 4, "input_flux": 4.0}, "2020-07-31T20:10:27Z": {"expected_output_flux": 5.333333333333333, "replicas": 8, "queue_size": 0, "real_output_flux": 2.0, "error": 0.0, "lease_expired_count": 4, "input_flux": 2.0}, "2020-07-31T20:09:55Z": {"expected_output_flux": 6.666666666666667, "replicas": 10, "queue_size": 0, "real_output_flux": 4.5, "error": 1.5, "lease_expired_count": 4, "input_flux": 3.0}, "2020-07-31T20:14:12Z": {"expected_output_flux": 6.666666666666667, "replicas": 10, "queue_size": 0, "real_output_flux": 4.5, "error": 0.5, "lease_expired_count": 5, "input_flux": 4.0}, "2020-07-31T20:14:01Z": {"expected_output_flux": 6.666666666666667, "replicas": 10, "queue_size": 0, "real_output_flux": 4.0, "error": 0.0, "lease_expired_count": 5, "input_flux": 4.0}, "2020-07-31T20:06:58Z": {"expected_output_flux": 6.666666666666667, "replicas": 10, "queue_size": 0, "real_output_flux": 2.0, "error": -0.5, "lease_expired_count": 3, "input_flux": 2.5}, "2020-07-31T20:05:33Z": {"expected_output_flux": 1.3333333333333333, "replicas": 2, "queue_size": 0, "real_output_flux": 2.0, "error": -0.5, "lease_expired_count": 0, "input_flux": 2.5}, "2020-07-31T20:11:31Z": {"expected_output_flux": 6.666666666666667, "replicas": 10, "queue_size": 0, "real_output_flux": 2.5, "error": 0.5, "lease_expired_count": 5, "input_flux": 2.0}, "2020-07-31T20:12:14Z": {"expected_output_flux": 6.666666666666667, "replicas": 10, "queue_size": 0, "real_output_flux": 2.0, "error": -0.5, "lease_expired_count": 5, "input_flux": 2.5}, "2020-07-31T20:08:01Z": {"expected_output_flux": 6.666666666666667, "replicas": 10, "queue_size": 0, "real_output_flux": 4.5, "error": 0.5, "lease_expired_count": 3, "input_flux": 4.0}, "2020-07-31T20:14:19Z": {"expected_output_flux": 6.666666666666667, "replicas": 10, "queue_size": 0, "real_output_flux": 4.5, "error": 0.0, "lease_expired_count": 5, "input_flux": 4.5}, "2020-07-31T20:05:04Z": {"expected_output_flux": 6.666666666666667, "replicas": 10, "queue_size": 17, "real_output_flux": 2.5, "error": 0.0, "lease_expired_count": 0, "input_flux": 2.5}, "2020-07-31T20:12:17Z": {"expected_output_flux": 6.666666666666667, "replicas": 10, "queue_size": 0, "real_output_flux": 2.5, "error": 0.5, "lease_expired_count": 5, "input_flux": 2.0}, "2020-07-31T20:09:57Z": {"expected_output_flux": 4.666666666666667, "replicas": 7, "queue_size": 0, "real_output_flux": 2.0, "error": -0.5, "lease_expired_count": 4, "input_flux": 2.5}, "2020-07-31T20:12:01Z": {"expected_output_flux": 6.666666666666667, "replicas": 10, "queue_size": 0, "real_output_flux": 1.5, "error": -0.5, "lease_expired_count": 5, "input_flux": 2.0}, "2020-07-31T20:07:05Z": {"expected_output_flux": 6.666666666666667, "replicas": 10, "queue_size": 0, "real_output_flux": 2.5, "error": 0.5, "lease_expired_count": 3, "input_flux": 2.0}, "2020-07-31T20:09:07Z": {"expected_output_flux": 6.666666666666667, "replicas": 10, "queue_size": 0, "real_output_flux": 4.0, "error": -0.5, "lease_expired_count": 4, "input_flux": 4.5}, "2020-07-31T20:14:58Z": {"expected_output_flux": 4.666666666666667, "replicas": 7, "queue_size": 0, "real_output_flux": 4.0, "error": 0.0, "lease_expired_count": 5, "input_flux": 4.0}, "2020-07-31T20:06:17Z": {"expected_output_flux": 4.666666666666667, "replicas": 7, "queue_size": 0, "real_output_flux": 1.5, "error": -0.5, "lease_expired_count": 0, "input_flux": 2.0}, "2020-07-31T20:06:27Z": {"expected_output_flux": 6.0, "replicas": 9, "queue_size": 0, "real_output_flux": 2.5, "error": 0.5, "lease_expired_count": 0, "input_flux": 2.0}, "2020-07-31T20:08:39Z": {"expected_output_flux": 6.666666666666667, "replicas": 10, "queue_size": 0, "real_output_flux": 5.0, "error": 0.5, "lease_expired_count": 3, "input_flux": 4.5}, "2020-07-31T20:09:24Z": {"expected_output_flux": 6.666666666666667, "replicas": 10, "queue_size": 0, "real_output_flux": 4.5, "error": 0.0, "lease_expired_count": 4, "input_flux": 4.5}, "2020-07-31T20:07:07Z": {"expected_output_flux": 6.666666666666667, "replicas": 10, "queue_size": 0, "real_output_flux": 1.5, "error": -1.0, "lease_expired_count": 3, "input_flux": 2.5}, "2020-07-31T20:12:28Z": {"expected_output_flux": 6.666666666666667, "replicas": 10, "queue_size": 0, "real_output_flux": 3.5, "error": -0.5, "lease_expired_count": 5, "input_flux": 4.0}, "2020-07-31T20:12:19Z": {"expected_output_flux": 6.666666666666667, "replicas": 10, "queue_size": 0, "real_output_flux": 2.5, "error": 0.0, "lease_expired_count": 5, "input_flux": 2.5}, "2020-07-31T20:10:45Z": {"expected_output_flux": 5.333333333333333, "replicas": 8, "queue_size": 0, "real_output_flux": 2.0, "error": -0.5, "lease_expired_count": 4, "input_flux": 2.5}, "2020-07-31T20:07:51Z": {"expected_output_flux": 6.666666666666667, "replicas": 10, "queue_size": 0, "real_output_flux": 5.0, "error": 1.0, "lease_expired_count": 3, "input_flux": 4.0}, "2020-07-31T20:11:17Z": {"expected_output_flux": 6.666666666666667, "replicas": 10, "queue_size": 0, "real_output_flux": 1.0, "error": -1.0, "lease_expired_count": 4, "input_flux": 2.0}, "2020-07-31T20:05:26Z": {"expected_output_flux": 1.3333333333333333, "replicas": 2, "queue_size": 0, "real_output_flux": 2.0, "error": 0.0, "lease_expired_count": 0, "input_flux": 2.0}, "2020-07-31T20:05:37Z": {"expected_output_flux": 2.0, "replicas": 3, "queue_size": 0, "real_output_flux": 2.0, "error": 0.0, "lease_expired_count": 0, "input_flux": 2.0}, "2020-07-31T20:06:49Z": {"expected_output_flux": 6.666666666666667, "replicas": 10, "queue_size": 0, "real_output_flux": 2.5, "error": 0.5, "lease_expired_count": 3, "input_flux": 2.0}, "2020-07-31T20:04:50Z": {"expected_output_flux": 3.3333333333333335, "replicas": 5, "queue_size": 8, "real_output_flux": 0.0, "error": -2.0, "lease_expired_count": 0, "input_flux": 2.0}, "2020-07-31T20:06:44Z": {"expected_output_flux": 6.666666666666667, "replicas": 10, "queue_size": 0, "real_output_flux": 3.5, "error": 1.5, "lease_expired_count": 3, "input_flux": 2.0}, "2020-07-31T20:13:13Z": {"expected_output_flux": 6.666666666666667, "replicas": 10, "queue_size": 0, "real_output_flux": 4.5, "error": 0.5, "lease_expired_count": 5, "input_flux": 4.0}, "2020-07-31T20:13:09Z": {"expected_output_flux": 6.666666666666667, "replicas": 10, "queue_size": 0, "real_output_flux": 4.5, "error": 0.5, "lease_expired_count": 5, "input_flux": 4.0}, "2020-07-31T20:14:17Z": {"expected_output_flux": 6.666666666666667, "replicas": 10, "queue_size": 0, "real_output_flux": 4.5, "error": 0.5, "lease_expired_count": 5, "input_flux": 4.0}, "2020-07-31T20:08:21Z": {"expected_output_flux": 6.666666666666667, "replicas": 10, "queue_size": 0, "real_output_flux": 4.0, "error": -0.5, "lease_expired_count": 3, "input_flux": 4.5}, "2020-07-31T20:04:47Z": {"expected_output_flux": 0.6666666666666666, "replicas": 1, "queue_size": 4, "real_output_flux": 0.0, "error": -1.5, "lease_expired_count": 0, "input_flux": 1.5}, "2020-07-31T20:13:24Z": {"expected_output_flux": 6.666666666666667, "replicas": 10, "queue_size": 0, "real_output_flux": 4.5, "error": 0.0, "lease_expired_count": 5, "input_flux": 4.5}, "2020-07-31T20:07:53Z": {"expected_output_flux": 6.666666666666667, "replicas": 10, "queue_size": 0, "real_output_flux": 4.5, "error": 0.0, "lease_expired_count": 3, "input_flux": 4.5}, "2020-07-31T20:08:06Z": {"expected_output_flux": 6.666666666666667, "replicas": 10, "queue_size": 0, "real_output_flux": 4.0, "error": 0.0, "lease_expired_count": 3, "input_flux": 4.0}, "2020-07-31T20:08:43Z": {"expected_output_flux": 6.666666666666667, "replicas": 10, "queue_size": 0, "real_output_flux": 4.0, "error": 0.0, "lease_expired_count": 3, "input_flux": 4.0}, "2020-07-31T20:07:09Z": {"expected_output_flux": 6.666666666666667, "replicas": 10, "queue_size": 0, "real_output_flux": 2.5, "error": 0.5, "lease_expired_count": 3, "input_flux": 2.0}, "2020-07-31T20:09:51Z": {"expected_output_flux": 6.666666666666667, "replicas": 10, "queue_size": 0, "real_output_flux": 4.5, "error": 0.5, "lease_expired_count": 4, "input_flux": 4.0}, "2020-07-31T20:06:53Z": {"expected_output_flux": 6.666666666666667, "replicas": 10, "queue_size": 0, "real_output_flux": 2.5, "error": 0.5, "lease_expired_count": 3, "input_flux": 2.0}, "2020-07-31T20:13:35Z": {"expected_output_flux": 6.0, "replicas": 9, "queue_size": 0, "real_output_flux": 4.0, "error": 0.0, "lease_expired_count": 5, "input_flux": 4.0}, "2020-07-31T20:13:26Z": {"expected_output_flux": 6.666666666666667, "replicas": 10, "queue_size": 0, "real_output_flux": 4.5, "error": 0.5, "lease_expired_count": 5, "input_flux": 4.0}, "2020-07-31T20:15:11Z": {"expected_output_flux": 4.666666666666667, "replicas": 7, "queue_size": 0, "real_output_flux": 0.0, "error": 0.0, "lease_expired_count": 5, "input_flux": 0.0}, "2020-07-31T20:05:28Z": {"expected_output_flux": 1.3333333333333333, "replicas": 2, "queue_size": 0, "real_output_flux": 1.5, "error": -1.0, "lease_expired_count": 0, "input_flux": 2.5}, "2020-07-31T20:07:31Z": {"expected_output_flux": 6.666666666666667, "replicas": 10, "queue_size": 0, "real_output_flux": 4.5, "error": 0.5, "lease_expired_count": 3, "input_flux": 4.0}, "2020-07-31T20:11:26Z": {"expected_output_flux": 6.666666666666667, "replicas": 10, "queue_size": 0, "real_output_flux": 2.0, "error": 0.0, "lease_expired_count": 5, "input_flux": 2.0}, "2020-07-31T20:12:45Z": {"expected_output_flux": 6.666666666666667, "replicas": 10, "queue_size": 0, "real_output_flux": 4.5, "error": 0.5, "lease_expired_count": 5, "input_flux": 4.0}, "2020-07-31T20:15:06Z": {"expected_output_flux": 4.666666666666667, "replicas": 7, "queue_size": 0, "real_output_flux": 0.0, "error": 0.0, "lease_expired_count": 5, "input_flux": 0.0}, "2020-07-31T20:10:10Z": {"expected_output_flux": 4.666666666666667, "replicas": 7, "queue_size": 0, "real_output_flux": 2.0, "error": -0.5, "lease_expired_count": 4, "input_flux": 2.5}, "2020-07-31T20:07:00Z": {"expected_output_flux": 6.666666666666667, "replicas": 10, "queue_size": 0, "real_output_flux": 2.5, "error": 0.5, "lease_expired_count": 3, "input_flux": 2.0}, "2020-07-31T20:07:35Z": {"expected_output_flux": 6.666666666666667, "replicas": 10, "queue_size": 0, "real_output_flux": 4.5, "error": 0.5, "lease_expired_count": 3, "input_flux": 4.0}, "2020-07-31T20:12:25Z": {"expected_output_flux": 6.666666666666667, "replicas": 10, "queue_size": 0, "real_output_flux": 2.0, "error": -0.5, "lease_expired_count": 5, "input_flux": 2.5}, "2020-07-31T20:12:32Z": {"expected_output_flux": 6.666666666666667, "replicas": 10, "queue_size": 0, "real_output_flux": 4.5, "error": 0.5, "lease_expired_count": 5, "input_flux": 4.0}, "2020-07-31T20:06:02Z": {"expected_output_flux": 6.666666666666667, "replicas": 10, "queue_size": 0, "real_output_flux": 3.5, "error": 1.5, "lease_expired_count": 0, "input_flux": 2.0}, "2020-07-31T20:06:08Z": {"expected_output_flux": 4.666666666666667, "replicas": 7, "queue_size": 0, "real_output_flux": 1.0, "error": -0.5, "lease_expired_count": 0, "input_flux": 1.5}, "2020-07-31T20:11:41Z": {"expected_output_flux": 6.666666666666667, "replicas": 10, "queue_size": 0, "real_output_flux": 2.5, "error": 0.0, "lease_expired_count": 5, "input_flux": 2.5}, "2020-07-31T20:05:13Z": {"expected_output_flux": 6.0, "replicas": 9, "queue_size": 0, "real_output_flux": 6.0, "error": 3.5, "lease_expired_count": 0, "input_flux": 2.5}, "2020-07-31T20:07:15Z": {"expected_output_flux": 6.666666666666667, "replicas": 10, "queue_size": 0, "real_output_flux": 2.0, "error": 0.0, "lease_expired_count": 3, "input_flux": 2.0}, "2020-07-31T20:08:32Z": {"expected_output_flux": 6.666666666666667, "replicas": 10, "queue_size": 0, "real_output_flux": 4.0, "error": 0.0, "lease_expired_count": 3, "input_flux": 4.0}, "2020-07-31T20:13:59Z": {"expected_output_flux": 6.666666666666667, "replicas": 10, "queue_size": 0, "real_output_flux": 4.5, "error": 0.0, "lease_expired_count": 5, "input_flux": 4.5}, "2020-07-31T20:11:02Z": {"expected_output_flux": 6.666666666666667, "replicas": 10, "queue_size": 0, "real_output_flux": 2.5, "error": 0.5, "lease_expired_count": 4, "input_flux": 2.0}, "2020-07-31T20:11:35Z": {"expected_output_flux": 6.0, "replicas": 9, "queue_size": 0, "real_output_flux": 2.0, "error": -0.5, "lease_expired_count": 5, "input_flux": 2.5}, "2020-07-31T20:11:04Z": {"expected_output_flux": 6.666666666666667, "replicas": 10, "queue_size": 0, "real_output_flux": 1.5, "error": -0.5, "lease_expired_count": 4, "input_flux": 2.0}, "2020-07-31T20:11:46Z": {"expected_output_flux": 6.666666666666667, "replicas": 10, "queue_size": 0, "real_output_flux": 2.0, "error": 0.0, "lease_expired_count": 5, "input_flux": 2.0}, "2020-07-31T20:05:50Z": {"expected_output_flux": 4.666666666666667, "replicas": 7, "queue_size": 4, "real_output_flux": 2.0, "error": -0.5, "lease_expired_count": 0, "input_flux": 2.5}, "2020-07-31T20:12:10Z": {"expected_output_flux": 6.666666666666667, "replicas": 10, "queue_size": 0, "real_output_flux": 2.5, "error": 0.5, "lease_expired_count": 5, "input_flux": 2.0}, "2020-07-31T20:06:46Z": {"expected_output_flux": 6.666666666666667, "replicas": 10, "queue_size": 0, "real_output_flux": 3.5, "error": 1.0, "lease_expired_count": 3, "input_flux": 2.5}, "2020-07-31T20:09:18Z": {"expected_output_flux": 6.666666666666667, "replicas": 10, "queue_size": 0, "real_output_flux": 4.0, "error": -0.5, "lease_expired_count": 4, "input_flux": 4.5}, "2020-07-31T20:07:55Z": {"expected_output_flux": 6.666666666666667, "replicas": 10, "queue_size": 0, "real_output_flux": 4.0, "error": -0.5, "lease_expired_count": 3, "input_flux": 4.5}, "2020-07-31T20:11:24Z": {"expected_output_flux": 6.666666666666667, "replicas": 10, "queue_size": 0, "real_output_flux": 2.5, "error": 0.5, "lease_expired_count": 4, "input_flux": 2.0}, "2020-07-31T20:06:13Z": {"expected_output_flux": 6.0, "replicas": 9, "queue_size": 0, "real_output_flux": 3.0, "error": 1.0, "lease_expired_count": 0, "input_flux": 2.0}, "2020-07-31T20:05:20Z": {"expected_output_flux": 0.6666666666666666, "replicas": 1, "queue_size": 0, "real_output_flux": 2.5, "error": 0.5, "lease_expired_count": 0, "input_flux": 2.0}, "2020-07-31T20:12:06Z": {"expected_output_flux": 6.666666666666667, "replicas": 10, "queue_size": 0, "real_output_flux": 2.5, "error": 0.5, "lease_expired_count": 5, "input_flux": 2.0}, "2020-07-31T20:06:42Z": {"expected_output_flux": 6.666666666666667, "replicas": 10, "queue_size": 0, "real_output_flux": 2.0, "error": 0.0, "lease_expired_count": 0, "input_flux": 2.0}, "2020-07-31T20:09:15Z": {"expected_output_flux": 6.666666666666667, "replicas": 10, "queue_size": 0, "real_output_flux": 4.5, "error": 0.5, "lease_expired_count": 4, "input_flux": 4.0}, "2020-07-31T20:06:04Z": {"expected_output_flux": 6.666666666666667, "replicas": 10, "queue_size": 0, "real_output_flux": 3.5, "error": 1.5, "lease_expired_count": 0, "input_flux": 2.0}, "2020-07-31T20:11:15Z": {"expected_output_flux": 6.666666666666667, "replicas": 10, "queue_size": 0, "real_output_flux": 2.5, "error": 0.5, "lease_expired_count": 4, "input_flux": 2.0}, "2020-07-31T20:13:18Z": {"expected_output_flux": 6.666666666666667, "replicas": 10, "queue_size": 0, "real_output_flux": 4.5, "error": 0.5, "lease_expired_count": 5, "input_flux": 4.0}, "2020-07-31T20:14:21Z": {"expected_output_flux": 6.666666666666667, "replicas": 10, "queue_size": 0, "real_output_flux": 4.0, "error": -0.5, "lease_expired_count": 5, "input_flux": 4.5}, "2020-07-31T20:07:42Z": {"expected_output_flux": 6.666666666666667, "replicas": 10, "queue_size": 0, "real_output_flux": 4.0, "error": -0.5, "lease_expired_count": 3, "input_flux": 4.5}, "2020-07-31T20:13:05Z": {"expected_output_flux": 6.666666666666667, "replicas": 10, "queue_size": 0, "real_output_flux": 4.0, "error": -0.5, "lease_expired_count": 5, "input_flux": 4.5}, "2020-07-31T20:10:58Z": {"expected_output_flux": 6.666666666666667, "replicas": 10, "queue_size": 0, "real_output_flux": 2.0, "error": 0.0, "lease_expired_count": 4, "input_flux": 2.0}, "2020-07-31T20:08:17Z": {"expected_output_flux": 6.666666666666667, "replicas": 10, "queue_size": 0, "real_output_flux": 4.5, "error": 0.0, "lease_expired_count": 3, "input_flux": 4.5}, "2020-07-31T20:08:54Z": {"expected_output_flux": 6.666666666666667, "replicas": 10, "queue_size": 0, "real_output_flux": 4.0, "error": -0.5, "lease_expired_count": 3, "input_flux": 4.5}, "2020-07-31T20:08:19Z": {"expected_output_flux": 6.666666666666667, "replicas": 10, "queue_size": 0, "real_output_flux": 4.5, "error": 0.5, "lease_expired_count": 3, "input_flux": 4.0}, "2020-07-31T20:05:24Z": {"expected_output_flux": 1.3333333333333333, "replicas": 2, "queue_size": 0, "real_output_flux": 2.5, "error": 0.5, "lease_expired_count": 0, "input_flux": 2.0}, "2020-07-31T20:13:29Z": {"expected_output_flux": 6.666666666666667, "replicas": 10, "queue_size": 0, "real_output_flux": 4.5, "error": -0.5, "lease_expired_count": 5, "input_flux": 5.0}, "2020-07-31T20:11:48Z": {"expected_output_flux": 6.666666666666667, "replicas": 10, "queue_size": 0, "real_output_flux": 2.0, "error": 0.0, "lease_expired_count": 5, "input_flux": 2.0}, "2020-07-31T20:06:10Z": {"expected_output_flux": 6.0, "replicas": 9, "queue_size": 0, "real_output_flux": 1.0, "error": -1.0, "lease_expired_count": 0, "input_flux": 2.0}, "2020-07-31T20:08:14Z": {"expected_output_flux": 6.666666666666667, "replicas": 10, "queue_size": 0, "real_output_flux": 4.0, "error": 0.0, "lease_expired_count": 3, "input_flux": 4.0}, "2020-07-31T20:08:23Z": {"expected_output_flux": 6.666666666666667, "replicas": 10, "queue_size": 0, "real_output_flux": 4.5, "error": 0.5, "lease_expired_count": 3, "input_flux": 4.0}, "2020-07-31T20:11:07Z": {"expected_output_flux": 6.666666666666667, "replicas": 10, "queue_size": 0, "real_output_flux": 2.5, "error": 0.5, "lease_expired_count": 4, "input_flux": 2.0}, "2020-07-31T20:05:17Z": {"expected_output_flux": 0.6666666666666666, "replicas": 1, "queue_size": 0, "real_output_flux": 2.5, "error": 0.5, "lease_expired_count": 0, "input_flux": 2.0}, "2020-07-31T20:06:38Z": {"expected_output_flux": 6.666666666666667, "replicas": 10, "queue_size": 0, "real_output_flux": 2.0, "error": 0.0, "lease_expired_count": 0, "input_flux": 2.0}, "2020-07-31T20:13:46Z": {"expected_output_flux": 6.666666666666667, "replicas": 10, "queue_size": 0, "real_output_flux": 4.0, "error": -0.5, "lease_expired_count": 5, "input_flux": 4.5}, "2020-07-31T20:06:51Z": {"expected_output_flux": 6.666666666666667, "replicas": 10, "queue_size": 0, "real_output_flux": 2.0, "error": -0.5, "lease_expired_count": 3, "input_flux": 2.5}, "2020-07-31T20:13:44Z": {"expected_output_flux": 6.666666666666667, "replicas": 10, "queue_size": 0, "real_output_flux": 4.5, "error": 0.5, "lease_expired_count": 5, "input_flux": 4.0}, "2020-07-31T20:09:46Z": {"expected_output_flux": 6.666666666666667, "replicas": 10, "queue_size": 0, "real_output_flux": 4.0, "error": 0.0, "lease_expired_count": 4, "input_flux": 4.0}, "2020-07-31T20:10:41Z": {"expected_output_flux": 5.333333333333333, "replicas": 8, "queue_size": 0, "real_output_flux": 2.0, "error": 0.0, "lease_expired_count": 4, "input_flux": 2.0}, "2020-07-31T20:10:01Z": {"expected_output_flux": 4.666666666666667, "replicas": 7, "queue_size": 0, "real_output_flux": 2.5, "error": 0.5, "lease_expired_count": 4, "input_flux": 2.0}, "2020-07-31T20:09:26Z": {"expected_output_flux": 6.666666666666667, "replicas": 10, "queue_size": 0, "real_output_flux": 4.5, "error": 0.5, "lease_expired_count": 4, "input_flux": 4.0}, "2020-07-31T20:10:47Z": {"expected_output_flux": 6.0, "replicas": 9, "queue_size": 0, "real_output_flux": 3.0, "error": 1.0, "lease_expired_count": 4, "input_flux": 2.0}, "2020-07-31T20:13:57Z": {"expected_output_flux": 6.666666666666667, "replicas": 10, "queue_size": 0, "real_output_flux": 4.5, "error": 0.0, "lease_expired_count": 5, "input_flux": 4.5}, "2020-07-31T20:12:54Z": {"expected_output_flux": 6.666666666666667, "replicas": 10, "queue_size": 0, "real_output_flux": 4.0, "error": 0.0, "lease_expired_count": 5, "input_flux": 4.0}, "2020-07-31T20:14:04Z": {"expected_output_flux": 6.666666666666667, "replicas": 10, "queue_size": 0, "real_output_flux": 4.0, "error": 0.0, "lease_expired_count": 5, "input_flux": 4.0}, "2020-07-31T20:12:41Z": {"expected_output_flux": 6.666666666666667, "replicas": 10, "queue_size": 0, "real_output_flux": 4.5, "error": 0.5, "lease_expired_count": 5, "input_flux": 4.0}, "2020-07-31T20:13:37Z": {"expected_output_flux": 6.0, "replicas": 9, "queue_size": 0, "real_output_flux": 4.0, "error": -0.5, "lease_expired_count": 5, "input_flux": 4.5}, "2020-07-31T20:12:43Z": {"expected_output_flux": 6.666666666666667, "replicas": 10, "queue_size": 0, "real_output_flux": 4.0, "error": -0.5, "lease_expired_count": 5, "input_flux": 4.5}, "2020-07-31T20:15:13Z": {"expected_output_flux": 0.6666666666666666, "replicas": 1, "queue_size": 0, "real_output_flux": 0.0, "error": 0.0, "lease_expired_count": 5, "input_flux": 0.0}, "2020-07-31T20:13:51Z": {"expected_output_flux": 6.666666666666667, "replicas": 10, "queue_size": 0, "real_output_flux": 4.0, "error": 0.0, "lease_expired_count": 5, "input_flux": 4.0}, "2020-07-31T20:10:12Z": {"expected_output_flux": 5.333333333333333, "replicas": 8, "queue_size": 0, "real_output_flux": 2.5, "error": 0.5, "lease_expired_count": 4, "input_flux": 2.0}, "2020-07-31T20:11:11Z": {"expected_output_flux": 6.666666666666667, "replicas": 10, "queue_size": 0, "real_output_flux": 2.5, "error": 0.5, "lease_expired_count": 4, "input_flux": 2.0}, "2020-07-31T20:07:26Z": {"expected_output_flux": 6.666666666666667, "replicas": 10, "queue_size": 0, "real_output_flux": 4.5, "error": 0.0, "lease_expired_count": 3, "input_flux": 4.5}, "2020-07-31T20:08:34Z": {"expected_output_flux": 6.666666666666667, "replicas": 10, "queue_size": 0, "real_output_flux": 4.5, "error": 0.0, "lease_expired_count": 3, "input_flux": 4.5}, "2020-07-31T20:13:20Z": {"expected_output_flux": 6.666666666666667, "replicas": 10, "queue_size": 0, "real_output_flux": 4.0, "error": -0.5, "lease_expired_count": 5, "input_flux": 4.5}, "2020-07-31T20:04:54Z": {"expected_output_flux": 6.666666666666667, "replicas": 10, "queue_size": 14, "real_output_flux": 0.0, "error": -2.0, "lease_expired_count": 0, "input_flux": 2.0}, "2020-07-31T20:08:56Z": {"expected_output_flux": 6.666666666666667, "replicas": 10, "queue_size": 0, "real_output_flux": 4.0, "error": 0.0, "lease_expired_count": 4, "input_flux": 4.0}, "2020-07-31T20:10:06Z": {"expected_output_flux": 4.666666666666667, "replicas": 7, "queue_size": 0, "real_output_flux": 2.0, "error": 0.0, "lease_expired_count": 4, "input_flux": 2.0}, "2020-07-31T20:09:48Z": {"expected_output_flux": 6.666666666666667, "replicas": 10, "queue_size": 0, "real_output_flux": 4.5, "error": 0.0, "lease_expired_count": 4, "input_flux": 4.5}, "2020-07-31T20:05:48Z": {"expected_output_flux": 2.6666666666666665, "replicas": 4, "queue_size": 3, "real_output_flux": 1.0, "error": -1.0, "lease_expired_count": 0, "input_flux": 2.0}, "2020-07-31T20:05:55Z": {"expected_output_flux": 6.0, "replicas": 9, "queue_size": 6, "real_output_flux": 2.0, "error": 0.0, "lease_expired_count": 0, "input_flux": 2.0}, "2020-07-31T20:05:46Z": {"expected_output_flux": 2.6666666666666665, "replicas": 4, "queue_size": 1, "real_output_flux": 0.5, "error": -2.0, "lease_expired_count": 0, "input_flux": 2.5}, "2020-07-31T20:13:07Z": {"expected_output_flux": 6.666666666666667, "replicas": 10, "queue_size": 0, "real_output_flux": 4.0, "error": 0.0, "lease_expired_count": 5, "input_flux": 4.0}, "2020-07-31T20:07:13Z": {"expected_output_flux": 6.666666666666667, "replicas": 10, "queue_size": 0, "real_output_flux": 2.0, "error": 0.0, "lease_expired_count": 3, "input_flux": 2.0}, "2020-07-31T20:10:23Z": {"expected_output_flux": 5.333333333333333, "replicas": 8, "queue_size": 0, "real_output_flux": 1.5, "error": -0.5, "lease_expired_count": 4, "input_flux": 2.0}, "2020-07-31T20:11:22Z": {"expected_output_flux": 6.666666666666667, "replicas": 10, "queue_size": 0, "real_output_flux": 2.5, "error": 0.0, "lease_expired_count": 4, "input_flux": 2.5}, "2020-07-31T20:12:12Z": {"expected_output_flux": 6.666666666666667, "replicas": 10, "queue_size": 0, "real_output_flux": 2.0, "error": 0.0, "lease_expired_count": 5, "input_flux": 2.0}, "2020-07-31T20:12:21Z": {"expected_output_flux": 6.666666666666667, "replicas": 10, "queue_size": 0, "real_output_flux": 1.5, "error": -0.5, "lease_expired_count": 5, "input_flux": 2.0}, "2020-07-31T20:08:25Z": {"expected_output_flux": 6.666666666666667, "replicas": 10, "queue_size": 0, "real_output_flux": 4.0, "error": -0.5, "lease_expired_count": 3, "input_flux": 4.5}, "2020-07-31T20:05:35Z": {"expected_output_flux": 2.0, "replicas": 3, "queue_size": 0, "real_output_flux": 3.0, "error": 1.0, "lease_expired_count": 0, "input_flux": 2.0}, "2020-07-31T20:11:37Z": {"expected_output_flux": 6.666666666666667, "replicas": 10, "queue_size": 0, "real_output_flux": 2.0, "error": 0.0, "lease_expired_count": 5, "input_flux": 2.0}, "2020-07-31T20:14:45Z": {"expected_output_flux": 4.666666666666667, "replicas": 7, "queue_size": 0, "real_output_flux": 4.0, "error": -0.5, "lease_expired_count": 5, "input_flux": 4.5}, "2020-07-31T20:08:10Z": {"expected_output_flux": 6.666666666666667, "replicas": 10, "queue_size": 0, "real_output_flux": 4.5, "error": 0.5, "lease_expired_count": 3, "input_flux": 4.0}, "2020-07-31T20:10:36Z": {"expected_output_flux": 5.333333333333333, "replicas": 8, "queue_size": 0, "real_output_flux": 2.5, "error": 0.5, "lease_expired_count": 4, "input_flux": 2.0}, "2020-07-31T20:06:31Z": {"expected_output_flux": 6.0, "replicas": 9, "queue_size": 0, "real_output_flux": 2.0, "error": 0.0, "lease_expired_count": 0, "input_flux": 2.0}, "2020-07-31T20:09:35Z": {"expected_output_flux": 6.666666666666667, "replicas": 10, "queue_size": 0, "real_output_flux": 4.5, "error": 0.5, "lease_expired_count": 4, "input_flux": 4.0}, "2020-07-31T20:13:55Z": {"expected_output_flux": 6.666666666666667, "replicas": 10, "queue_size": 0, "real_output_flux": 4.5, "error": 0.5, "lease_expired_count": 5, "input_flux": 4.0}, "2020-07-31T20:05:15Z": {"expected_output_flux": 0.6666666666666666, "replicas": 1, "queue_size": 0, "real_output_flux": 4.0, "error": 2.0, "lease_expired_count": 0, "input_flux": 2.0}, "2020-07-31T20:14:06Z": {"expected_output_flux": 6.666666666666667, "replicas": 10, "queue_size": 0, "real_output_flux": 4.5, "error": 0.0, "lease_expired_count": 5, "input_flux": 4.5}, "2020-07-31T20:11:09Z": {"expected_output_flux": 6.666666666666667, "replicas": 10, "queue_size": 0, "real_output_flux": 2.0, "error": -0.5, "lease_expired_count": 4, "input_flux": 2.5}, "2020-07-31T20:10:21Z": {"expected_output_flux": 5.333333333333333, "replicas": 8, "queue_size": 0, "real_output_flux": 2.0, "error": 0.0, "lease_expired_count": 4, "input_flux": 2.0}, "2020-07-31T20:12:39Z": {"expected_output_flux": 6.666666666666667, "replicas": 10, "queue_size": 0, "real_output_flux": 4.5, "error": -0.5, "lease_expired_count": 5, "input_flux": 5.0}, "2020-07-31T20:06:20Z": {"expected_output_flux": 6.0, "replicas": 9, "queue_size": 0, "real_output_flux": 2.5, "error": -0.5, "lease_expired_count": 0, "input_flux": 3.0}, "2020-07-31T20:10:38Z": {"expected_output_flux": 5.333333333333333, "replicas": 8, "queue_size": 0, "real_output_flux": 2.0, "error": -0.5, "lease_expired_count": 4, "input_flux": 2.5}, "2020-07-31T20:05:57Z": {"expected_output_flux": 6.0, "replicas": 9, "queue_size": 6, "real_output_flux": 1.5, "error": -1.0, "lease_expired_count": 0, "input_flux": 2.5}, "2020-07-31T20:06:24Z": {"expected_output_flux": 6.0, "replicas": 9, "queue_size": 0, "real_output_flux": 2.0, "error": 0.0, "lease_expired_count": 0, "input_flux": 2.0}, "2020-07-31T20:11:28Z": {"expected_output_flux": 6.666666666666667, "replicas": 10, "queue_size": 0, "real_output_flux": 2.5, "error": 0.0, "lease_expired_count": 5, "input_flux": 2.5}, "2020-07-31T20:14:08Z": {"expected_output_flux": 6.666666666666667, "replicas": 10, "queue_size": 0, "real_output_flux": 4.0, "error": 0.0, "lease_expired_count": 5, "input_flux": 4.0}, "2020-07-31T20:14:32Z": {"expected_output_flux": 6.0, "replicas": 9, "queue_size": 0, "real_output_flux": 4.0, "error": 0.0, "lease_expired_count": 5, "input_flux": 4.0}, "2020-07-31T20:07:57Z": {"expected_output_flux": 6.666666666666667, "replicas": 10, "queue_size": 0, "real_output_flux": 3.5, "error": -0.5, "lease_expired_count": 3, "input_flux": 4.0}, "2020-07-31T20:14:23Z": {"expected_output_flux": 6.666666666666667, "replicas": 10, "queue_size": 0, "real_output_flux": 4.5, "error": 0.5, "lease_expired_count": 5, "input_flux": 4.0}, "2020-07-31T20:05:08Z": {"expected_output_flux": 6.666666666666667, "replicas": 10, "queue_size": 14, "real_output_flux": 4.0, "error": 1.0, "lease_expired_count": 0, "input_flux": 3.0}, "2020-07-31T20:11:39Z": {"expected_output_flux": 6.666666666666667, "replicas": 10, "queue_size": 0, "real_output_flux": 2.0, "error": 0.0, "lease_expired_count": 5, "input_flux": 2.0}, "2020-07-31T20:07:22Z": {"expected_output_flux": 6.666666666666667, "replicas": 10, "queue_size": 0, "real_output_flux": 2.5, "error": 0.0, "lease_expired_count": 3, "input_flux": 2.5}, "2020-07-31T20:07:37Z": {"expected_output_flux": 6.666666666666667, "replicas": 10, "queue_size": 0, "real_output_flux": 4.0, "error": -0.5, "lease_expired_count": 3, "input_flux": 4.5}, "2020-07-31T20:13:53Z": {"expected_output_flux": 6.666666666666667, "replicas": 10, "queue_size": 0, "real_output_flux": 4.0, "error": -0.5, "lease_expired_count": 5, "input_flux": 4.5}, "2020-07-31T20:07:24Z": {"expected_output_flux": 6.666666666666667, "replicas": 10, "queue_size": 0, "real_output_flux": 3.0, "error": -1.5, "lease_expired_count": 3, "input_flux": 4.5}, "2020-07-31T20:14:53Z": {"expected_output_flux": 4.0, "replicas": 6, "queue_size": 0, "real_output_flux": 4.0, "error": -0.5, "lease_expired_count": 5, "input_flux": 4.5}, "2020-07-31T20:07:48Z": {"expected_output_flux": 6.666666666666667, "replicas": 10, "queue_size": 0, "real_output_flux": 4.5, "error": 0.0, "lease_expired_count": 3, "input_flux": 4.5}, "2020-07-31T20:06:55Z": {"expected_output_flux": 6.666666666666667, "replicas": 10, "queue_size": 0, "real_output_flux": 2.0, "error": 0.0, "lease_expired_count": 3, "input_flux": 2.0}, "2020-07-31T20:14:30Z": {"expected_output_flux": 6.0, "replicas": 9, "queue_size": 0, "real_output_flux": 4.5, "error": 0.0, "lease_expired_count": 5, "input_flux": 4.5}, "2020-07-31T20:14:25Z": {"expected_output_flux": 6.0, "replicas": 9, "queue_size": 0, "real_output_flux": 4.0, "error": -0.5, "lease_expired_count": 5, "input_flux": 4.5}, "2020-07-31T20:13:33Z": {"expected_output_flux": 6.0, "replicas": 9, "queue_size": 0, "real_output_flux": 4.5, "error": 0.0, "lease_expired_count": 5, "input_flux": 4.5}, "2020-07-31T20:07:46Z": {"expected_output_flux": 6.666666666666667, "replicas": 10, "queue_size": 0, "real_output_flux": 3.5, "error": -1.0, "lease_expired_count": 3, "input_flux": 4.5}, "2020-07-31T20:13:31Z": {"expected_output_flux": 6.666666666666667, "replicas": 10, "queue_size": 0, "real_output_flux": 4.5, "error": 0.5, "lease_expired_count": 5, "input_flux": 4.0}, "2020-07-31T20:04:45Z": {"expected_output_flux": 0.6666666666666666, "replicas": 1, "queue_size": 1, "real_output_flux": 0.0, "error": 0.0, "lease_expired_count": 0, "input_flux": 0.0}, "2020-07-31T20:05:00Z": {"expected_output_flux": 6.666666666666667, "replicas": 10, "queue_size": 18, "real_output_flux": 0.5, "error": -2.5, "lease_expired_count": 0, "input_flux": 3.0}, "2020-07-31T20:13:42Z": {"expected_output_flux": 6.666666666666667, "replicas": 10, "queue_size": 0, "real_output_flux": 4.5, "error": 0.0, "lease_expired_count": 5, "input_flux": 4.5}, "2020-07-31T20:11:00Z": {"expected_output_flux": 6.666666666666667, "replicas": 10, "queue_size": 0, "real_output_flux": 2.0, "error": -0.5, "lease_expired_count": 4, "input_flux": 2.5}, "2020-07-31T20:08:12Z": {"expected_output_flux": 6.666666666666667, "replicas": 10, "queue_size": 0, "real_output_flux": 4.0, "error": -0.5, "lease_expired_count": 3, "input_flux": 4.5}, "2020-07-31T20:09:59Z": {"expected_output_flux": 4.666666666666667, "replicas": 7, "queue_size": 0, "real_output_flux": 2.0, "error": 0.0, "lease_expired_count": 4, "input_flux": 2.0}, "2020-07-31T20:09:20Z": {"expected_output_flux": 6.666666666666667, "replicas": 10, "queue_size": 0, "real_output_flux": 4.5, "error": 0.5, "lease_expired_count": 4, "input_flux": 4.0}, "2020-07-31T20:11:44Z": {"expected_output_flux": 6.666666666666667, "replicas": 10, "queue_size": 0, "real_output_flux": 2.5, "error": 0.5, "lease_expired_count": 5, "input_flux": 2.0}, "2020-07-31T20:15:08Z": {"expected_output_flux": 4.666666666666667, "replicas": 7, "queue_size": 0, "real_output_flux": 0.0, "error": 0.0, "lease_expired_count": 5, "input_flux": 0.0}, "2020-07-31T20:14:47Z": {"expected_output_flux": 4.666666666666667, "replicas": 7, "queue_size": 0, "real_output_flux": 4.5, "error": 0.5, "lease_expired_count": 5, "input_flux": 4.0}, "2020-07-31T20:10:14Z": {"expected_output_flux": 5.333333333333333, "replicas": 8, "queue_size": 0, "real_output_flux": 2.0, "error": 0.0, "lease_expired_count": 4, "input_flux": 2.0}, "2020-07-31T20:10:25Z": {"expected_output_flux": 5.333333333333333, "replicas": 8, "queue_size": 0, "real_output_flux": 2.5, "error": 0.0, "lease_expired_count": 4, "input_flux": 2.5}, "2020-07-31T20:15:02Z": {"expected_output_flux": 4.666666666666667, "replicas": 7, "queue_size": 0, "real_output_flux": 0.0, "error": 0.0, "lease_expired_count": 5, "input_flux": 0.0}, "2020-07-31T20:13:48Z": {"expected_output_flux": 6.666666666666667, "replicas": 10, "queue_size": 0, "real_output_flux": 4.5, "error": 0.0, "lease_expired_count": 5, "input_flux": 4.5}, "2020-07-31T20:11:52Z": {"expected_output_flux": 6.666666666666667, "replicas": 10, "queue_size": 0, "real_output_flux": 2.5, "error": 0.5, "lease_expired_count": 5, "input_flux": 2.0}, "2020-07-31T20:06:33Z": {"expected_output_flux": 6.0, "replicas": 9, "queue_size": 0, "real_output_flux": 2.0, "error": -0.5, "lease_expired_count": 0, "input_flux": 2.5}, "2020-07-31T20:13:03Z": {"expected_output_flux": 6.666666666666667, "replicas": 10, "queue_size": 0, "real_output_flux": 4.5, "error": 0.5, "lease_expired_count": 5, "input_flux": 4.0}, "2020-07-31T20:09:22Z": {"expected_output_flux": 6.666666666666667, "replicas": 10, "queue_size": 0, "real_output_flux": 4.0, "error": -0.5, "lease_expired_count": 4, "input_flux": 4.5}, "2020-07-31T20:14:38Z": {"expected_output_flux": 6.0, "replicas": 9, "queue_size": 0, "real_output_flux": 4.5, "error": 0.5, "lease_expired_count": 5, "input_flux": 4.0}, "2020-07-31T20:12:30Z": {"expected_output_flux": 6.666666666666667, "replicas": 10, "queue_size": 0, "real_output_flux": 4.0, "error": -0.5, "lease_expired_count": 5, "input_flux": 4.5}, "2020-07-31T20:14:14Z": {"expected_output_flux": 6.666666666666667, "replicas": 10, "queue_size": 0, "real_output_flux": 4.0, "error": -0.5, "lease_expired_count": 5, "input_flux": 4.5}, "2020-07-31T20:08:58Z": {"expected_output_flux": 6.666666666666667, "replicas": 10, "queue_size": 0, "real_output_flux": 5.0, "error": 0.5, "lease_expired_count": 4, "input_flux": 4.5}, "2020-07-31T20:09:44Z": {"expected_output_flux": 6.666666666666667, "replicas": 10, "queue_size": 0, "real_output_flux": 4.5, "error": 0.0, "lease_expired_count": 4, "input_flux": 4.5}, "2020-07-31T20:14:49Z": {"expected_output_flux": 4.0, "replicas": 6, "queue_size": 0, "real_output_flux": 4.0, "error": -0.5, "lease_expired_count": 5, "input_flux": 4.5}, "2020-07-31T20:07:33Z": {"expected_output_flux": 6.666666666666667, "replicas": 10, "queue_size": 0, "real_output_flux": 4.0, "error": -0.5, "lease_expired_count": 3, "input_flux": 4.5}, "2020-07-31T20:10:17Z": {"expected_output_flux": 5.333333333333333, "replicas": 8, "queue_size": 0, "real_output_flux": 2.0, "error": 0.0, "lease_expired_count": 4, "input_flux": 2.0}, "2020-07-31T20:06:22Z": {"expected_output_flux": 6.0, "replicas": 9, "queue_size": 0, "real_output_flux": 3.0, "error": 0.5, "lease_expired_count": 0, "input_flux": 2.5}, "2020-07-31T20:09:31Z": {"expected_output_flux": 6.666666666666667, "replicas": 10, "queue_size": 0, "real_output_flux": 4.5, "error": 0.5, "lease_expired_count": 4, "input_flux": 4.0}, "2020-07-31T20:05:22Z": {"expected_output_flux": 0.6666666666666666, "replicas": 1, "queue_size": 0, "real_output_flux": 2.0, "error": -0.5, "lease_expired_count": 0, "input_flux": 2.5}, "2020-07-31T20:11:50Z": {"expected_output_flux": 6.666666666666667, "replicas": 10, "queue_size": 0, "real_output_flux": 2.0, "error": -0.5, "lease_expired_count": 5, "input_flux": 2.5}, "2020-07-31T20:09:11Z": {"expected_output_flux": 6.666666666666667, "replicas": 10, "queue_size": 0, "real_output_flux": 4.0, "error": -0.5, "lease_expired_count": 4, "input_flux": 4.5}, "2020-07-31T20:12:36Z": {"expected_output_flux": 6.666666666666667, "replicas": 10, "queue_size": 0, "real_output_flux": 4.5, "error": 0.5, "lease_expired_count": 5, "input_flux": 4.0}, "2020-07-31T20:07:40Z": {"expected_output_flux": 6.666666666666667, "replicas": 10, "queue_size": 0, "real_output_flux": 4.5, "error": 0.5, "lease_expired_count": 3, "input_flux": 4.0}, "2020-07-31T20:08:27Z": {"expected_output_flux": 6.666666666666667, "replicas": 10, "queue_size": 0, "real_output_flux": 4.5, "error": 0.5, "lease_expired_count": 3, "input_flux": 4.0}, "2020-07-31T20:10:56Z": {"expected_output_flux": 6.666666666666667, "replicas": 10, "queue_size": 0, "real_output_flux": 2.5, "error": 0.5, "lease_expired_count": 4, "input_flux": 2.0}, "2020-07-31T20:10:08Z": {"expected_output_flux": 4.666666666666667, "replicas": 7, "queue_size": 0, "real_output_flux": 2.5, "error": 0.5, "lease_expired_count": 4, "input_flux": 2.0}, "2020-07-31T20:05:31Z": {"expected_output_flux": 1.3333333333333333, "replicas": 2, "queue_size": 0, "real_output_flux": 2.5, "error": 0.5, "lease_expired_count": 0, "input_flux": 2.0}, "2020-07-31T20:09:13Z": {"expected_output_flux": 6.666666666666667, "replicas": 10, "queue_size": 0, "real_output_flux": 4.0, "error": 0.0, "lease_expired_count": 4, "input_flux": 4.0}, "2020-07-31T20:08:36Z": {"expected_output_flux": 6.666666666666667, "replicas": 10, "queue_size": 0, "real_output_flux": 4.5, "error": 0.0, "lease_expired_count": 3, "input_flux": 4.5}, "2020-07-31T20:04:56Z": {"expected_output_flux": 6.666666666666667, "replicas": 10, "queue_size": 16, "real_output_flux": 0.5, "error": -1.5, "lease_expired_count": 0, "input_flux": 2.0}, "2020-07-31T20:14:55Z": {"expected_output_flux": 4.666666666666667, "replicas": 7, "queue_size": 0, "real_output_flux": 4.5, "error": 0.5, "lease_expired_count": 5, "input_flux": 4.0}}}