{"plugin_info": {"env_vars": {"IGNACIO": "IGNACIO", "NIALM_IN_PROD": "1", "DB_HOST": "10.11.16.166"}, "img": "diegogamav/nialm-disaggregation:experiments", "enable_visualizer": true, "control_plugin": "kubejobs", "init_size": 1, "monitor_info": {"error_option": 1, "expected_time": 1.5, "corrector_term": 0, "collect_period": 2}, "username": "admin", "password": "123", "job_resources_lifetime": 600, "visualizer_info": {"datasource_type": "influxdb"}, "k8s_resources_control": {"requests": {"memory": "1000Mi", "cpu": "700m"}, "limits": {"memory": "2000Mi", "cpu": "1000m"}}, "enable_detailed_report": true, "cmd": ["python", "/src/a8s/run.py"], "redis_workload": "https://gist.githubusercontent.com/DiegoGamaV/1d142bf414a37a084ebca82ee4acb7bb/raw/8dfd36c605aae7eadf00d818d65f2bb61b0a2607/stream-workload.txt", "secrets": ["gitlablsdtoken"], "monitor_plugin": "stream_kubejobs", "config_id": "id", "visualizer_plugin": "k8s-grafana", "control_parameters": {"heuristic_options": {"proportional_gain": 2.683, "integral_gain": 0.19355, "derivative_gain": 0.0}, "schedule_strategy": "pid", "trigger_down": 0, "actuation_size": 1, "max_rep": 10, "min_rep": 1, "trigger_up": 0, "max_size": 10, "check_interval": 5, "actuator": "k8s_replicas", "metric_source": "redis"}}, "plugin": "kubejobs", "enable_auth": false}