{"enable_auth": false, "plugin": "kubejobs", "plugin_info": {"monitor_plugin": "stream_kubejobs", "redis_workload": "https://gist.githubusercontent.com/DiegoGamaV/1d142bf414a37a084ebca82ee4acb7bb/raw/8dfd36c605aae7eadf00d818d65f2bb61b0a2607/stream-workload.txt", "username": "admin", "secrets": ["gitlablsdtoken"], "cmd": ["python", "/src/a8s/run.py"], "config_id": "id", "control_plugin": "kubejobs", "visualizer_info": {"datasource_type": "influxdb"}, "img": "diegogamav/nialm-disaggregation:experiments", "init_size": 1, "enable_detailed_report": true, "env_vars": {"DB_HOST": "10.11.16.166", "IGNACIO": "IGNACIO", "NIALM_IN_PROD": "1"}, "visualizer_plugin": "k8s-grafana", "monitor_info": {"expected_time": 1.5, "corrector_term": 0, "collect_period": 2, "error_option": 0}, "job_resources_lifetime": 600, "enable_visualizer": true, "control_parameters": {"schedule_strategy": "pid", "actuation_size": 1, "trigger_up": 0, "max_rep": 10, "trigger_down": 0, "max_size": 10, "actuator": "k8s_replicas", "metric_source": "redis", "check_interval": 5, "heuristic_options": {"integral_gain": 0.19355, "proportional_gain": 2.683, "derivative_gain": 0.0}, "min_rep": 1}, "password": "123", "k8s_resources_control": {"requests": {"cpu": "700m", "memory": "1000Mi"}, "limits": {"cpu": "1000m", "memory": "2000Mi"}}}}