{"plugin_info": {"init_size": 1, "monitor_info": {"collect_period": 2, "corrector_term": 0, "expected_time": 1.5, "error_option": 1}, "visualizer_plugin": "k8s-grafana", "secrets": ["gitlablsdtoken"], "redis_workload": "https://gist.githubusercontent.com/DiegoGamaV/1d142bf414a37a084ebca82ee4acb7bb/raw/8dfd36c605aae7eadf00d818d65f2bb61b0a2607/stream-workload.txt", "env_vars": {"DB_HOST": "10.11.16.166", "NIALM_IN_PROD": "1", "IGNACIO": "IGNACIO"}, "username": "admin", "job_resources_lifetime": 600, "img": "diegogamav/nialm-disaggregation:experiments", "password": "123", "enable_visualizer": true, "visualizer_info": {"datasource_type": "influxdb"}, "enable_detailed_report": true, "cmd": ["python", "/src/a8s/run.py"], "monitor_plugin": "stream_kubejobs", "config_id": "id", "control_parameters": {"min_rep": 1, "heuristic_options": {"integral_gain": 0.19355, "derivative_gain": 0.0, "proportional_gain": 2.683}, "actuation_size": 1, "trigger_up": 0, "max_size": 10, "trigger_down": 0, "metric_source": "redis", "actuator": "k8s_replicas", "schedule_strategy": "pid", "check_interval": 5, "max_rep": 10}, "k8s_resources_control": {"limits": {"memory": "2000Mi", "cpu": "1000m"}, "requests": {"memory": "1000Mi", "cpu": "700m"}}, "control_plugin": "kubejobs"}, "enable_auth": false, "plugin": "kubejobs"}