{"end_time": 1596219305.4906838, "report": {"2020-07-31T18:09:35Z": {"lease_expired_count": 1, "expected_output_flux": 3.3333333333333335, "input_flux": 3.0, "queue_size": 0, "real_output_flux": 2.5, "replicas": 5, "error": 0.3333333333333335}, "2020-07-31T18:07:51Z": {"lease_expired_count": 0, "expected_output_flux": 3.3333333333333335, "input_flux": 3.5, "queue_size": 0, "real_output_flux": 3.5, "replicas": 5, "error": -0.16666666666666652}, "2020-07-31T18:07:25Z": {"lease_expired_count": 0, "expected_output_flux": 2.6666666666666665, "input_flux": 3.5, "queue_size": 0, "real_output_flux": 3.0, "replicas": 4, "error": -0.8333333333333335}, "2020-07-31T18:11:44Z": {"lease_expired_count": 1, "expected_output_flux": 3.3333333333333335, "input_flux": 3.0, "queue_size": 0, "real_output_flux": 3.0, "replicas": 5, "error": 0.3333333333333335}, "2020-07-31T18:04:56Z": {"lease_expired_count": 0, "expected_output_flux": 0.6666666666666666, "input_flux": 2.5, "queue_size": 6, "real_output_flux": 0.0, "replicas": 1, "error": -1.8333333333333335}, "2020-07-31T18:08:00Z": {"lease_expired_count": 0, "expected_output_flux": 3.3333333333333335, "input_flux": 3.0, "queue_size": 0, "real_output_flux": 3.0, "replicas": 5, "error": 0.3333333333333335}, "2020-07-31T18:05:31Z": {"lease_expired_count": 0, "expected_output_flux": 3.3333333333333335, "input_flux": 3.5, "queue_size": 38, "real_output_flux": 5.0, "replicas": 5, "error": -0.16666666666666652}, "2020-07-31T18:11:31Z": {"lease_expired_count": 1, "expected_output_flux": 3.3333333333333335, "input_flux": 3.0, "queue_size": 0, "real_output_flux": 3.5, "replicas": 5, "error": 0.3333333333333335}, "2020-07-31T18:10:58Z": {"lease_expired_count": 1, "expected_output_flux": 3.3333333333333335, "input_flux": 3.5, "queue_size": 0, "real_output_flux": 3.0, "replicas": 5, "error": -0.16666666666666652}, "2020-07-31T18:10:25Z": {"lease_expired_count": 1, "expected_output_flux": 3.3333333333333335, "input_flux": 3.0, "queue_size": 0, "real_output_flux": 3.0, "replicas": 5, "error": 0.3333333333333335}, "2020-07-31T18:08:50Z": {"lease_expired_count": 0, "expected_output_flux": 3.3333333333333335, "input_flux": 3.5, "queue_size": 0, "real_output_flux": 3.0, "replicas": 5, "error": -0.16666666666666652}, "2020-07-31T18:10:32Z": {"lease_expired_count": 1, "expected_output_flux": 3.3333333333333335, "input_flux": 3.0, "queue_size": 0, "real_output_flux": 3.0, "replicas": 5, "error": 0.3333333333333335}, "2020-07-31T18:11:50Z": {"lease_expired_count": 1, "expected_output_flux": 3.3333333333333335, "input_flux": 3.5, "queue_size": 0, "real_output_flux": 3.0, "replicas": 5, "error": -0.16666666666666652}, "2020-07-31T18:12:59Z": {"lease_expired_count": 1, "expected_output_flux": 3.3333333333333335, "input_flux": 3.5, "queue_size": 0, "real_output_flux": 2.0, "replicas": 5, "error": -0.16666666666666652}, "2020-07-31T18:11:22Z": {"lease_expired_count": 1, "expected_output_flux": 3.3333333333333335, "input_flux": 3.0, "queue_size": 0, "real_output_flux": 3.5, "replicas": 5, "error": 0.3333333333333335}, "2020-07-31T18:13:54Z": {"lease_expired_count": 2, "expected_output_flux": 4.0, "input_flux": 3.5, "queue_size": 0, "real_output_flux": 3.5, "replicas": 6, "error": 0.5}, "2020-07-31T18:14:00Z": {"lease_expired_count": 3, "expected_output_flux": 3.3333333333333335, "input_flux": 3.5, "queue_size": 0, "real_output_flux": 3.5, "replicas": 5, "error": -0.16666666666666652}, "2020-07-31T18:10:49Z": {"lease_expired_count": 1, "expected_output_flux": 3.3333333333333335, "input_flux": 3.0, "queue_size": 0, "real_output_flux": 3.0, "replicas": 5, "error": 0.3333333333333335}, "2020-07-31T18:09:13Z": {"lease_expired_count": 1, "expected_output_flux": 2.6666666666666665, "input_flux": 3.0, "queue_size": 0, "real_output_flux": 3.5, "replicas": 4, "error": -0.3333333333333335}, "2020-07-31T18:11:46Z": {"lease_expired_count": 1, "expected_output_flux": 3.3333333333333335, "input_flux": 3.5, "queue_size": 0, "real_output_flux": 3.0, "replicas": 5, "error": -0.16666666666666652}, "2020-07-31T18:13:28Z": {"lease_expired_count": 1, "expected_output_flux": 3.3333333333333335, "input_flux": 3.0, "queue_size": 0, "real_output_flux": 3.0, "replicas": 5, "error": 0.3333333333333335}, "2020-07-31T18:11:41Z": {"lease_expired_count": 1, "expected_output_flux": 3.3333333333333335, "input_flux": 3.0, "queue_size": 0, "real_output_flux": 3.5, "replicas": 5, "error": 0.3333333333333335}, "2020-07-31T18:07:10Z": {"lease_expired_count": 0, "expected_output_flux": 3.3333333333333335, "input_flux": 3.0, "queue_size": 0, "real_output_flux": 3.5, "replicas": 5, "error": 0.3333333333333335}, "2020-07-31T18:11:59Z": {"lease_expired_count": 1, "expected_output_flux": 3.3333333333333335, "input_flux": 3.0, "queue_size": 0, "real_output_flux": 3.5, "replicas": 5, "error": 0.3333333333333335}, "2020-07-31T18:10:19Z": {"lease_expired_count": 1, "expected_output_flux": 3.3333333333333335, "input_flux": 3.5, "queue_size": 0, "real_output_flux": 3.0, "replicas": 5, "error": -0.16666666666666652}, "2020-07-31T18:13:15Z": {"lease_expired_count": 1, "expected_output_flux": 3.3333333333333335, "input_flux": 3.5, "queue_size": 0, "real_output_flux": 3.0, "replicas": 5, "error": -0.16666666666666652}, "2020-07-31T18:06:43Z": {"lease_expired_count": 0, "expected_output_flux": 3.3333333333333335, "input_flux": 3.0, "queue_size": 0, "real_output_flux": 3.5, "replicas": 5, "error": 0.3333333333333335}, "2020-07-31T18:13:41Z": {"lease_expired_count": 2, "expected_output_flux": 3.3333333333333335, "input_flux": 3.0, "queue_size": 0, "real_output_flux": 3.5, "replicas": 5, "error": 0.3333333333333335}, "2020-07-31T18:06:15Z": {"lease_expired_count": 0, "expected_output_flux": 2.6666666666666665, "input_flux": 3.5, "queue_size": 0, "real_output_flux": 3.0, "replicas": 4, "error": -0.8333333333333335}, "2020-07-31T18:08:56Z": {"lease_expired_count": 1, "expected_output_flux": 3.3333333333333335, "input_flux": 3.0, "queue_size": 0, "real_output_flux": 3.5, "replicas": 5, "error": 0.3333333333333335}, "2020-07-31T18:06:52Z": {"lease_expired_count": 0, "expected_output_flux": 3.3333333333333335, "input_flux": 3.5, "queue_size": 0, "real_output_flux": 2.5, "replicas": 5, "error": -0.16666666666666652}, "2020-07-31T18:08:13Z": {"lease_expired_count": 0, "expected_output_flux": 3.3333333333333335, "input_flux": 3.0, "queue_size": 0, "real_output_flux": 3.5, "replicas": 5, "error": 0.3333333333333335}, "2020-07-31T18:10:51Z": {"lease_expired_count": 1, "expected_output_flux": 3.3333333333333335, "input_flux": 3.0, "queue_size": 0, "real_output_flux": 3.5, "replicas": 5, "error": 0.3333333333333335}, "2020-07-31T18:11:33Z": {"lease_expired_count": 1, "expected_output_flux": 3.3333333333333335, "input_flux": 3.5, "queue_size": 0, "real_output_flux": 3.0, "replicas": 5, "error": -0.16666666666666652}, "2020-07-31T18:13:45Z": {"lease_expired_count": 2, "expected_output_flux": 3.3333333333333335, "input_flux": 3.0, "queue_size": 0, "real_output_flux": 3.5, "replicas": 5, "error": 0.3333333333333335}, "2020-07-31T18:09:37Z": {"lease_expired_count": 1, "expected_output_flux": 3.3333333333333335, "input_flux": 3.5, "queue_size": 0, "real_output_flux": 3.0, "replicas": 5, "error": -0.16666666666666652}, "2020-07-31T18:12:27Z": {"lease_expired_count": 1, "expected_output_flux": 2.6666666666666665, "input_flux": 3.5, "queue_size": 0, "real_output_flux": 3.5, "replicas": 4, "error": -0.8333333333333335}, "2020-07-31T18:12:03Z": {"lease_expired_count": 1, "expected_output_flux": 2.6666666666666665, "input_flux": 3.0, "queue_size": 0, "real_output_flux": 3.5, "replicas": 4, "error": -0.3333333333333335}, "2020-07-31T18:14:16Z": {"lease_expired_count": 3, "expected_output_flux": 4.0, "input_flux": 3.0, "queue_size": 0, "real_output_flux": 4.0, "replicas": 6, "error": 1.0}, "2020-07-31T18:05:38Z": {"lease_expired_count": 0, "expected_output_flux": 3.3333333333333335, "input_flux": 3.5, "queue_size": 31, "real_output_flux": 4.0, "replicas": 5, "error": -0.16666666666666652}, "2020-07-31T18:07:27Z": {"lease_expired_count": 0, "expected_output_flux": 2.6666666666666665, "input_flux": 3.0, "queue_size": 0, "real_output_flux": 3.5, "replicas": 4, "error": -0.3333333333333335}, "2020-07-31T18:05:58Z": {"lease_expired_count": 0, "expected_output_flux": 3.3333333333333335, "input_flux": 3.0, "queue_size": 9, "real_output_flux": 4.5, "replicas": 5, "error": 0.3333333333333335}, "2020-07-31T18:09:33Z": {"lease_expired_count": 1, "expected_output_flux": 3.3333333333333335, "input_flux": 3.0, "queue_size": 0, "real_output_flux": 3.5, "replicas": 5, "error": 0.3333333333333335}, "2020-07-31T18:14:14Z": {"lease_expired_count": 3, "expected_output_flux": 4.0, "input_flux": 3.0, "queue_size": 0, "real_output_flux": 2.5, "replicas": 6, "error": 1.0}, "2020-07-31T18:08:35Z": {"lease_expired_count": 0, "expected_output_flux": 3.3333333333333335, "input_flux": 3.0, "queue_size": 0, "real_output_flux": 3.5, "replicas": 5, "error": 0.3333333333333335}, "2020-07-31T18:12:51Z": {"lease_expired_count": 1, "expected_output_flux": 3.3333333333333335, "input_flux": 3.0, "queue_size": 0, "real_output_flux": 3.5, "replicas": 5, "error": 0.3333333333333335}, "2020-07-31T18:13:58Z": {"lease_expired_count": 3, "expected_output_flux": 3.3333333333333335, "input_flux": 3.0, "queue_size": 0, "real_output_flux": 3.5, "replicas": 5, "error": 0.3333333333333335}, "2020-07-31T18:08:58Z": {"lease_expired_count": 1, "expected_output_flux": 3.3333333333333335, "input_flux": 3.0, "queue_size": 0, "real_output_flux": 3.5, "replicas": 5, "error": 0.3333333333333335}, "2020-07-31T18:14:05Z": {"lease_expired_count": 3, "expected_output_flux": 3.3333333333333335, "input_flux": 3.0, "queue_size": 0, "real_output_flux": 2.5, "replicas": 5, "error": 0.3333333333333335}, "2020-07-31T18:13:32Z": {"lease_expired_count": 2, "expected_output_flux": 3.3333333333333335, "input_flux": 3.5, "queue_size": 0, "real_output_flux": 3.5, "replicas": 5, "error": -0.16666666666666652}, "2020-07-31T18:11:18Z": {"lease_expired_count": 1, "expected_output_flux": 3.3333333333333335, "input_flux": 3.5, "queue_size": 0, "real_output_flux": 3.0, "replicas": 5, "error": -0.16666666666666652}, "2020-07-31T18:05:47Z": {"lease_expired_count": 0, "expected_output_flux": 3.3333333333333335, "input_flux": 3.0, "queue_size": 21, "real_output_flux": 4.0, "replicas": 5, "error": 0.3333333333333335}, "2020-07-31T18:07:40Z": {"lease_expired_count": 0, "expected_output_flux": 2.6666666666666665, "input_flux": 3.5, "queue_size": 0, "real_output_flux": 3.5, "replicas": 4, "error": -0.8333333333333335}, "2020-07-31T18:11:11Z": {"lease_expired_count": 1, "expected_output_flux": 3.3333333333333335, "input_flux": 3.0, "queue_size": 0, "real_output_flux": 3.5, "replicas": 5, "error": 0.3333333333333335}, "2020-07-31T18:08:45Z": {"lease_expired_count": 0, "expected_output_flux": 3.3333333333333335, "input_flux": 3.0, "queue_size": 0, "real_output_flux": 3.0, "replicas": 5, "error": 0.3333333333333335}, "2020-07-31T18:08:28Z": {"lease_expired_count": 0, "expected_output_flux": 3.3333333333333335, "input_flux": 3.5, "queue_size": 0, "real_output_flux": 3.0, "replicas": 5, "error": -0.16666666666666652}, "2020-07-31T18:13:04Z": {"lease_expired_count": 1, "expected_output_flux": 3.3333333333333335, "input_flux": 3.0, "queue_size": 0, "real_output_flux": 4.0, "replicas": 5, "error": 0.3333333333333335}, "2020-07-31T18:10:47Z": {"lease_expired_count": 1, "expected_output_flux": 3.3333333333333335, "input_flux": 3.5, "queue_size": 0, "real_output_flux": 3.0, "replicas": 5, "error": -0.16666666666666652}, "2020-07-31T18:12:10Z": {"lease_expired_count": 1, "expected_output_flux": 2.6666666666666665, "input_flux": 3.0, "queue_size": 0, "real_output_flux": 3.5, "replicas": 4, "error": -0.3333333333333335}, "2020-07-31T18:09:31Z": {"lease_expired_count": 1, "expected_output_flux": 3.3333333333333335, "input_flux": 3.5, "queue_size": 0, "real_output_flux": 3.0, "replicas": 5, "error": -0.16666666666666652}, "2020-07-31T18:06:28Z": {"lease_expired_count": 0, "expected_output_flux": 3.3333333333333335, "input_flux": 3.0, "queue_size": 0, "real_output_flux": 3.5, "replicas": 5, "error": 0.3333333333333335}, "2020-07-31T18:14:28Z": {"lease_expired_count": 3, "expected_output_flux": 2.6666666666666665, "input_flux": 3.5, "queue_size": 0, "real_output_flux": 3.0, "replicas": 4, "error": -0.8333333333333335}, "2020-07-31T18:13:56Z": {"lease_expired_count": 2, "expected_output_flux": 4.0, "input_flux": 3.5, "queue_size": 0, "real_output_flux": 3.0, "replicas": 6, "error": 0.5}, "2020-07-31T18:08:24Z": {"lease_expired_count": 0, "expected_output_flux": 3.3333333333333335, "input_flux": 3.0, "queue_size": 0, "real_output_flux": 3.0, "replicas": 5, "error": 0.3333333333333335}, "2020-07-31T18:06:00Z": {"lease_expired_count": 0, "expected_output_flux": 3.3333333333333335, "input_flux": 3.5, "queue_size": 7, "real_output_flux": 4.5, "replicas": 5, "error": -0.16666666666666652}, "2020-07-31T18:14:11Z": {"lease_expired_count": 3, "expected_output_flux": 2.6666666666666665, "input_flux": 3.5, "queue_size": 0, "real_output_flux": 3.5, "replicas": 4, "error": -0.8333333333333335}, "2020-07-31T18:05:03Z": {"lease_expired_count": 0, "expected_output_flux": 3.3333333333333335, "input_flux": 3.0, "queue_size": 23, "real_output_flux": 0.0, "replicas": 5, "error": 0.3333333333333335}, "2020-07-31T18:08:43Z": {"lease_expired_count": 0, "expected_output_flux": 3.3333333333333335, "input_flux": 3.5, "queue_size": 0, "real_output_flux": 3.0, "replicas": 5, "error": -0.16666666666666652}, "2020-07-31T18:13:34Z": {"lease_expired_count": 2, "expected_output_flux": 3.3333333333333335, "input_flux": 3.0, "queue_size": 0, "real_output_flux": 3.5, "replicas": 5, "error": 0.3333333333333335}, "2020-07-31T18:13:38Z": {"lease_expired_count": 2, "expected_output_flux": 3.3333333333333335, "input_flux": 3.5, "queue_size": 0, "real_output_flux": 3.0, "replicas": 5, "error": -0.16666666666666652}, "2020-07-31T18:09:46Z": {"lease_expired_count": 1, "expected_output_flux": 3.3333333333333335, "input_flux": 3.0, "queue_size": 0, "real_output_flux": 3.5, "replicas": 5, "error": 0.3333333333333335}, "2020-07-31T18:07:36Z": {"lease_expired_count": 0, "expected_output_flux": 2.6666666666666665, "input_flux": 3.5, "queue_size": 0, "real_output_flux": 3.0, "replicas": 4, "error": -0.8333333333333335}, "2020-07-31T18:09:42Z": {"lease_expired_count": 1, "expected_output_flux": 3.3333333333333335, "input_flux": 3.5, "queue_size": 0, "real_output_flux": 3.0, "replicas": 5, "error": -0.16666666666666652}, "2020-07-31T18:05:42Z": {"lease_expired_count": 0, "expected_output_flux": 3.3333333333333335, "input_flux": 3.0, "queue_size": 24, "real_output_flux": 5.0, "replicas": 5, "error": 0.3333333333333335}, "2020-07-31T18:13:51Z": {"lease_expired_count": 2, "expected_output_flux": 2.6666666666666665, "input_flux": 3.0, "queue_size": 0, "real_output_flux": 3.5, "replicas": 4, "error": -0.3333333333333335}, "2020-07-31T18:07:29Z": {"lease_expired_count": 0, "expected_output_flux": 2.6666666666666665, "input_flux": 3.5, "queue_size": 0, "real_output_flux": 3.0, "replicas": 4, "error": -0.8333333333333335}, "2020-07-31T18:07:16Z": {"lease_expired_count": 0, "expected_output_flux": 3.3333333333333335, "input_flux": 3.0, "queue_size": 0, "real_output_flux": 3.0, "replicas": 5, "error": 0.3333333333333335}, "2020-07-31T18:08:06Z": {"lease_expired_count": 0, "expected_output_flux": 3.3333333333333335, "input_flux": 3.0, "queue_size": 0, "real_output_flux": 4.0, "replicas": 5, "error": 0.3333333333333335}, "2020-07-31T18:09:07Z": {"lease_expired_count": 1, "expected_output_flux": 2.6666666666666665, "input_flux": 3.0, "queue_size": 0, "real_output_flux": 3.0, "replicas": 4, "error": -0.3333333333333335}, "2020-07-31T18:06:11Z": {"lease_expired_count": 0, "expected_output_flux": 4.0, "input_flux": 3.0, "queue_size": 0, "real_output_flux": 3.0, "replicas": 6, "error": 1.0}, "2020-07-31T18:06:39Z": {"lease_expired_count": 0, "expected_output_flux": 3.3333333333333335, "input_flux": 3.5, "queue_size": 0, "real_output_flux": 4.0, "replicas": 5, "error": -0.16666666666666652}, "2020-07-31T18:14:07Z": {"lease_expired_count": 3, "expected_output_flux": 2.6666666666666665, "input_flux": 3.5, "queue_size": 0, "real_output_flux": 3.0, "replicas": 4, "error": -0.8333333333333335}, "2020-07-31T18:09:55Z": {"lease_expired_count": 1, "expected_output_flux": 3.3333333333333335, "input_flux": 3.0, "queue_size": 0, "real_output_flux": 3.5, "replicas": 5, "error": 0.3333333333333335}, "2020-07-31T18:07:57Z": {"lease_expired_count": 0, "expected_output_flux": 3.3333333333333335, "input_flux": 3.5, "queue_size": 0, "real_output_flux": 3.0, "replicas": 5, "error": -0.16666666666666652}, "2020-07-31T18:09:40Z": {"lease_expired_count": 1, "expected_output_flux": 3.3333333333333335, "input_flux": 3.0, "queue_size": 0, "real_output_flux": 3.0, "replicas": 5, "error": 0.3333333333333335}, "2020-07-31T18:06:46Z": {"lease_expired_count": 0, "expected_output_flux": 3.3333333333333335, "input_flux": 3.0, "queue_size": 0, "real_output_flux": 3.0, "replicas": 5, "error": 0.3333333333333335}, "2020-07-31T18:05:34Z": {"lease_expired_count": 0, "expected_output_flux": 3.3333333333333335, "input_flux": 3.0, "queue_size": 34, "real_output_flux": 5.0, "replicas": 5, "error": 0.3333333333333335}, "2020-07-31T18:04:54Z": {"lease_expired_count": 0, "expected_output_flux": 0.6666666666666666, "input_flux": 0.0, "queue_size": 1, "real_output_flux": 0.0, "replicas": 1, "error": 0.6666666666666666}, "2020-07-31T18:12:42Z": {"lease_expired_count": 1, "expected_output_flux": 2.6666666666666665, "input_flux": 3.5, "queue_size": 0, "real_output_flux": 3.0, "replicas": 4, "error": -0.8333333333333335}, "2020-07-31T18:08:04Z": {"lease_expired_count": 0, "expected_output_flux": 3.3333333333333335, "input_flux": 3.5, "queue_size": 0, "real_output_flux": 3.0, "replicas": 5, "error": -0.16666666666666652}, "2020-07-31T18:10:21Z": {"lease_expired_count": 1, "expected_output_flux": 3.3333333333333335, "input_flux": 3.0, "queue_size": 0, "real_output_flux": 3.5, "replicas": 5, "error": 0.3333333333333335}, "2020-07-31T18:10:01Z": {"lease_expired_count": 1, "expected_output_flux": 3.3333333333333335, "input_flux": 3.0, "queue_size": 0, "real_output_flux": 3.5, "replicas": 5, "error": 0.3333333333333335}, "2020-07-31T18:08:19Z": {"lease_expired_count": 0, "expected_output_flux": 3.3333333333333335, "input_flux": 3.0, "queue_size": 0, "real_output_flux": 3.5, "replicas": 5, "error": 0.3333333333333335}, "2020-07-31T18:10:03Z": {"lease_expired_count": 1, "expected_output_flux": 3.3333333333333335, "input_flux": 3.5, "queue_size": 0, "real_output_flux": 3.0, "replicas": 5, "error": -0.16666666666666652}, "2020-07-31T18:11:26Z": {"lease_expired_count": 1, "expected_output_flux": 3.3333333333333335, "input_flux": 3.0, "queue_size": 0, "real_output_flux": 3.5, "replicas": 5, "error": 0.3333333333333335}, "2020-07-31T18:13:02Z": {"lease_expired_count": 1, "expected_output_flux": 3.3333333333333335, "input_flux": 3.0, "queue_size": 0, "real_output_flux": 3.5, "replicas": 5, "error": 0.3333333333333335}, "2020-07-31T18:07:49Z": {"lease_expired_count": 0, "expected_output_flux": 3.3333333333333335, "input_flux": 3.5, "queue_size": 0, "real_output_flux": 3.5, "replicas": 5, "error": -0.16666666666666652}, "2020-07-31T18:13:17Z": {"lease_expired_count": 1, "expected_output_flux": 3.3333333333333335, "input_flux": 3.0, "queue_size": 0, "real_output_flux": 3.0, "replicas": 5, "error": 0.3333333333333335}, "2020-07-31T18:05:40Z": {"lease_expired_count": 0, "expected_output_flux": 3.3333333333333335, "input_flux": 3.0, "queue_size": 28, "real_output_flux": 4.5, "replicas": 5, "error": 0.3333333333333335}, "2020-07-31T18:04:59Z": {"lease_expired_count": 0, "expected_output_flux": 4.0, "input_flux": 3.0, "queue_size": 12, "real_output_flux": 0.0, "replicas": 6, "error": 1.0}, "2020-07-31T18:08:11Z": {"lease_expired_count": 0, "expected_output_flux": 3.3333333333333335, "input_flux": 3.5, "queue_size": 0, "real_output_flux": 2.5, "replicas": 5, "error": -0.16666666666666652}, "2020-07-31T18:11:52Z": {"lease_expired_count": 1, "expected_output_flux": 3.3333333333333335, "input_flux": 3.0, "queue_size": 0, "real_output_flux": 3.5, "replicas": 5, "error": 0.3333333333333335}, "2020-07-31T18:11:35Z": {"lease_expired_count": 1, "expected_output_flux": 3.3333333333333335, "input_flux": 3.0, "queue_size": 0, "real_output_flux": 3.0, "replicas": 5, "error": 0.3333333333333335}, "2020-07-31T18:10:45Z": {"lease_expired_count": 1, "expected_output_flux": 3.3333333333333335, "input_flux": 3.0, "queue_size": 0, "real_output_flux": 3.5, "replicas": 5, "error": 0.3333333333333335}, "2020-07-31T18:10:08Z": {"lease_expired_count": 1, "expected_output_flux": 3.3333333333333335, "input_flux": 3.5, "queue_size": 0, "real_output_flux": 3.0, "replicas": 5, "error": -0.16666666666666652}, "2020-07-31T18:11:28Z": {"lease_expired_count": 1, "expected_output_flux": 3.3333333333333335, "input_flux": 3.5, "queue_size": 0, "real_output_flux": 3.0, "replicas": 5, "error": -0.16666666666666652}, "2020-07-31T18:12:31Z": {"lease_expired_count": 1, "expected_output_flux": 2.6666666666666665, "input_flux": 3.0, "queue_size": 0, "real_output_flux": 3.0, "replicas": 4, "error": -0.3333333333333335}, "2020-07-31T18:05:53Z": {"lease_expired_count": 0, "expected_output_flux": 3.3333333333333335, "input_flux": 3.5, "queue_size": 14, "real_output_flux": 4.5, "replicas": 5, "error": -0.16666666666666652}, "2020-07-31T18:14:30Z": {"lease_expired_count": 3, "expected_output_flux": 2.6666666666666665, "input_flux": 3.0, "queue_size": 0, "real_output_flux": 2.5, "replicas": 4, "error": -0.3333333333333335}, "2020-07-31T18:12:38Z": {"lease_expired_count": 1, "expected_output_flux": 4.0, "input_flux": 3.5, "queue_size": 0, "real_output_flux": 3.5, "replicas": 6, "error": 0.5}, "2020-07-31T18:05:21Z": {"lease_expired_count": 0, "expected_output_flux": 3.3333333333333335, "input_flux": 3.0, "queue_size": 47, "real_output_flux": 3.0, "replicas": 5, "error": 0.3333333333333335}, "2020-07-31T18:08:41Z": {"lease_expired_count": 0, "expected_output_flux": 3.3333333333333335, "input_flux": 3.0, "queue_size": 0, "real_output_flux": 3.5, "replicas": 5, "error": 0.3333333333333335}, "2020-07-31T18:07:23Z": {"lease_expired_count": 0, "expected_output_flux": 3.3333333333333335, "input_flux": 3.0, "queue_size": 0, "real_output_flux": 3.0, "replicas": 5, "error": 0.3333333333333335}, "2020-07-31T18:12:40Z": {"lease_expired_count": 1, "expected_output_flux": 4.0, "input_flux": 3.0, "queue_size": 0, "real_output_flux": 2.5, "replicas": 6, "error": 1.0}, "2020-07-31T18:10:56Z": {"lease_expired_count": 1, "expected_output_flux": 3.3333333333333335, "input_flux": 3.0, "queue_size": 0, "real_output_flux": 3.5, "replicas": 5, "error": 0.3333333333333335}, "2020-07-31T18:13:23Z": {"lease_expired_count": 1, "expected_output_flux": 3.3333333333333335, "input_flux": 3.0, "queue_size": 0, "real_output_flux": 3.5, "replicas": 5, "error": 0.3333333333333335}, "2020-07-31T18:10:34Z": {"lease_expired_count": 1, "expected_output_flux": 3.3333333333333335, "input_flux": 3.5, "queue_size": 0, "real_output_flux": 3.0, "replicas": 5, "error": -0.16666666666666652}, "2020-07-31T18:12:29Z": {"lease_expired_count": 1, "expected_output_flux": 2.6666666666666665, "input_flux": 3.0, "queue_size": 0, "real_output_flux": 3.0, "replicas": 4, "error": -0.3333333333333335}, "2020-07-31T18:10:41Z": {"lease_expired_count": 1, "expected_output_flux": 3.3333333333333335, "input_flux": 3.5, "queue_size": 0, "real_output_flux": 3.5, "replicas": 5, "error": -0.16666666666666652}, "2020-07-31T18:09:26Z": {"lease_expired_count": 1, "expected_output_flux": 4.0, "input_flux": 3.0, "queue_size": 0, "real_output_flux": 3.5, "replicas": 6, "error": 1.0}, "2020-07-31T18:05:29Z": {"lease_expired_count": 0, "expected_output_flux": 3.3333333333333335, "input_flux": 3.0, "queue_size": 41, "real_output_flux": 3.5, "replicas": 5, "error": 0.3333333333333335}, "2020-07-31T18:05:44Z": {"lease_expired_count": 0, "expected_output_flux": 3.3333333333333335, "input_flux": 3.5, "queue_size": 23, "real_output_flux": 4.0, "replicas": 5, "error": -0.16666666666666652}, "2020-07-31T18:06:19Z": {"lease_expired_count": 0, "expected_output_flux": 2.6666666666666665, "input_flux": 3.0, "queue_size": 0, "real_output_flux": 2.5, "replicas": 4, "error": -0.3333333333333335}, "2020-07-31T18:14:25Z": {"lease_expired_count": 3, "expected_output_flux": 2.6666666666666665, "input_flux": 3.0, "queue_size": 0, "real_output_flux": 3.0, "replicas": 4, "error": -0.3333333333333335}, "2020-07-31T18:09:16Z": {"lease_expired_count": 1, "expected_output_flux": 2.6666666666666665, "input_flux": 3.5, "queue_size": 0, "real_output_flux": 3.0, "replicas": 4, "error": -0.8333333333333335}, "2020-07-31T18:06:56Z": {"lease_expired_count": 0, "expected_output_flux": 3.3333333333333335, "input_flux": 3.0, "queue_size": 0, "real_output_flux": 3.5, "replicas": 5, "error": 0.3333333333333335}, "2020-07-31T18:14:21Z": {"lease_expired_count": 3, "expected_output_flux": 2.6666666666666665, "input_flux": 3.0, "queue_size": 0, "real_output_flux": 3.5, "replicas": 4, "error": -0.3333333333333335}, "2020-07-31T18:07:12Z": {"lease_expired_count": 0, "expected_output_flux": 3.3333333333333335, "input_flux": 3.5, "queue_size": 0, "real_output_flux": 3.0, "replicas": 5, "error": -0.16666666666666652}, "2020-07-31T18:11:07Z": {"lease_expired_count": 1, "expected_output_flux": 3.3333333333333335, "input_flux": 3.0, "queue_size": 0, "real_output_flux": 3.5, "replicas": 5, "error": 0.3333333333333335}, "2020-07-31T18:06:04Z": {"lease_expired_count": 0, "expected_output_flux": 2.6666666666666665, "input_flux": 3.0, "queue_size": 2, "real_output_flux": 4.0, "replicas": 4, "error": -0.3333333333333335}, "2020-07-31T18:10:43Z": {"lease_expired_count": 1, "expected_output_flux": 3.3333333333333335, "input_flux": 3.0, "queue_size": 0, "real_output_flux": 3.0, "replicas": 5, "error": 0.3333333333333335}, "2020-07-31T18:09:48Z": {"lease_expired_count": 1, "expected_output_flux": 3.3333333333333335, "input_flux": 3.5, "queue_size": 0, "real_output_flux": 3.5, "replicas": 5, "error": -0.16666666666666652}, "2020-07-31T18:09:11Z": {"lease_expired_count": 1, "expected_output_flux": 2.6666666666666665, "input_flux": 3.5, "queue_size": 0, "real_output_flux": 3.0, "replicas": 4, "error": -0.8333333333333335}, "2020-07-31T18:10:27Z": {"lease_expired_count": 1, "expected_output_flux": 3.3333333333333335, "input_flux": 3.0, "queue_size": 0, "real_output_flux": 3.5, "replicas": 5, "error": 0.3333333333333335}, "2020-07-31T18:10:10Z": {"lease_expired_count": 1, "expected_output_flux": 3.3333333333333335, "input_flux": 3.0, "queue_size": 0, "real_output_flux": 3.0, "replicas": 5, "error": 0.3333333333333335}, "2020-07-31T18:06:50Z": {"lease_expired_count": 0, "expected_output_flux": 3.3333333333333335, "input_flux": 3.0, "queue_size": 0, "real_output_flux": 4.0, "replicas": 5, "error": 0.3333333333333335}, "2020-07-31T18:12:14Z": {"lease_expired_count": 1, "expected_output_flux": 2.6666666666666665, "input_flux": 3.0, "queue_size": 0, "real_output_flux": 3.0, "replicas": 4, "error": -0.3333333333333335}, "2020-07-31T18:06:37Z": {"lease_expired_count": 0, "expected_output_flux": 3.3333333333333335, "input_flux": 3.5, "queue_size": 0, "real_output_flux": 3.0, "replicas": 5, "error": -0.16666666666666652}, "2020-07-31T18:12:18Z": {"lease_expired_count": 1, "expected_output_flux": 2.6666666666666665, "input_flux": 3.5, "queue_size": 0, "real_output_flux": 3.0, "replicas": 4, "error": -0.8333333333333335}, "2020-07-31T18:09:57Z": {"lease_expired_count": 1, "expected_output_flux": 3.3333333333333335, "input_flux": 3.5, "queue_size": 0, "real_output_flux": 3.0, "replicas": 5, "error": -0.16666666666666652}, "2020-07-31T18:06:06Z": {"lease_expired_count": 0, "expected_output_flux": 2.6666666666666665, "input_flux": 3.5, "queue_size": 0, "real_output_flux": 4.5, "replicas": 4, "error": -0.8333333333333335}, "2020-07-31T18:06:24Z": {"lease_expired_count": 0, "expected_output_flux": 4.0, "input_flux": 3.0, "queue_size": 0, "real_output_flux": 4.0, "replicas": 6, "error": 1.0}, "2020-07-31T18:11:24Z": {"lease_expired_count": 1, "expected_output_flux": 3.3333333333333335, "input_flux": 3.5, "queue_size": 0, "real_output_flux": 3.0, "replicas": 5, "error": -0.16666666666666652}, "2020-07-31T18:05:01Z": {"lease_expired_count": 0, "expected_output_flux": 4.0, "input_flux": 3.5, "queue_size": 17, "real_output_flux": 0.0, "replicas": 6, "error": 0.5}, "2020-07-31T18:06:54Z": {"lease_expired_count": 0, "expected_output_flux": 3.3333333333333335, "input_flux": 3.0, "queue_size": 0, "real_output_flux": 3.0, "replicas": 5, "error": 0.3333333333333335}, "2020-07-31T18:08:30Z": {"lease_expired_count": 0, "expected_output_flux": 3.3333333333333335, "input_flux": 3.0, "queue_size": 0, "real_output_flux": 3.5, "replicas": 5, "error": 0.3333333333333335}, "2020-07-31T18:09:05Z": {"lease_expired_count": 1, "expected_output_flux": 2.6666666666666665, "input_flux": 3.5, "queue_size": 0, "real_output_flux": 3.5, "replicas": 4, "error": -0.8333333333333335}, "2020-07-31T18:09:22Z": {"lease_expired_count": 1, "expected_output_flux": 2.6666666666666665, "input_flux": 3.5, "queue_size": 0, "real_output_flux": 3.5, "replicas": 4, "error": -0.8333333333333335}, "2020-07-31T18:10:06Z": {"lease_expired_count": 1, "expected_output_flux": 3.3333333333333335, "input_flux": 3.0, "queue_size": 0, "real_output_flux": 3.5, "replicas": 5, "error": 0.3333333333333335}, "2020-07-31T18:09:59Z": {"lease_expired_count": 1, "expected_output_flux": 3.3333333333333335, "input_flux": 3.0, "queue_size": 0, "real_output_flux": 3.0, "replicas": 5, "error": 0.3333333333333335}, "2020-07-31T18:12:57Z": {"lease_expired_count": 1, "expected_output_flux": 3.3333333333333335, "input_flux": 3.0, "queue_size": 0, "real_output_flux": 3.5, "replicas": 5, "error": 0.3333333333333335}, "2020-07-31T18:11:02Z": {"lease_expired_count": 1, "expected_output_flux": 3.3333333333333335, "input_flux": 3.5, "queue_size": 0, "real_output_flux": 3.0, "replicas": 5, "error": -0.16666666666666652}, "2020-07-31T18:12:16Z": {"lease_expired_count": 1, "expected_output_flux": 2.6666666666666665, "input_flux": 3.0, "queue_size": 0, "real_output_flux": 3.5, "replicas": 4, "error": -0.3333333333333335}, "2020-07-31T18:12:25Z": {"lease_expired_count": 1, "expected_output_flux": 4.0, "input_flux": 3.0, "queue_size": 0, "real_output_flux": 3.0, "replicas": 6, "error": 1.0}, "2020-07-31T18:07:18Z": {"lease_expired_count": 0, "expected_output_flux": 3.3333333333333335, "input_flux": 3.5, "queue_size": 0, "real_output_flux": 3.0, "replicas": 5, "error": -0.16666666666666652}, "2020-07-31T18:10:12Z": {"lease_expired_count": 1, "expected_output_flux": 3.3333333333333335, "input_flux": 3.0, "queue_size": 0, "real_output_flux": 3.5, "replicas": 5, "error": 0.3333333333333335}, "2020-07-31T18:10:30Z": {"lease_expired_count": 1, "expected_output_flux": 3.3333333333333335, "input_flux": 3.5, "queue_size": 0, "real_output_flux": 3.5, "replicas": 5, "error": -0.16666666666666652}, "2020-07-31T18:14:32Z": {"lease_expired_count": 3, "expected_output_flux": 2.6666666666666665, "input_flux": 3.0, "queue_size": 0, "real_output_flux": 4.0, "replicas": 4, "error": -0.3333333333333335}, "2020-07-31T18:06:32Z": {"lease_expired_count": 0, "expected_output_flux": 3.3333333333333335, "input_flux": 3.0, "queue_size": 0, "real_output_flux": 3.5, "replicas": 5, "error": 0.3333333333333335}, "2020-07-31T18:12:12Z": {"lease_expired_count": 1, "expected_output_flux": 2.6666666666666665, "input_flux": 3.5, "queue_size": 0, "real_output_flux": 3.0, "replicas": 4, "error": -0.8333333333333335}, "2020-07-31T18:07:14Z": {"lease_expired_count": 0, "expected_output_flux": 3.3333333333333335, "input_flux": 3.0, "queue_size": 0, "real_output_flux": 3.5, "replicas": 5, "error": 0.3333333333333335}, "2020-07-31T18:07:38Z": {"lease_expired_count": 0, "expected_output_flux": 2.6666666666666665, "input_flux": 3.0, "queue_size": 0, "real_output_flux": 3.0, "replicas": 4, "error": -0.3333333333333335}, "2020-07-31T18:05:27Z": {"lease_expired_count": 0, "expected_output_flux": 3.3333333333333335, "input_flux": 3.5, "queue_size": 42, "real_output_flux": 4.5, "replicas": 5, "error": -0.16666666666666652}, "2020-07-31T18:06:41Z": {"lease_expired_count": 0, "expected_output_flux": 3.3333333333333335, "input_flux": 3.5, "queue_size": 0, "real_output_flux": 3.5, "replicas": 5, "error": -0.16666666666666652}, "2020-07-31T18:06:08Z": {"lease_expired_count": 0, "expected_output_flux": 4.0, "input_flux": 3.5, "queue_size": 0, "real_output_flux": 4.0, "replicas": 6, "error": 0.5}, "2020-07-31T18:11:15Z": {"lease_expired_count": 1, "expected_output_flux": 3.3333333333333335, "input_flux": 3.0, "queue_size": 0, "real_output_flux": 3.5, "replicas": 5, "error": 0.3333333333333335}, "2020-07-31T18:06:21Z": {"lease_expired_count": 0, "expected_output_flux": 2.6666666666666665, "input_flux": 3.5, "queue_size": 0, "real_output_flux": 2.5, "replicas": 4, "error": -0.8333333333333335}, "2020-07-31T18:13:49Z": {"lease_expired_count": 2, "expected_output_flux": 2.6666666666666665, "input_flux": 3.5, "queue_size": 0, "real_output_flux": 3.0, "replicas": 4, "error": -0.8333333333333335}, "2020-07-31T18:14:23Z": {"lease_expired_count": 3, "expected_output_flux": 2.6666666666666665, "input_flux": 3.5, "queue_size": 0, "real_output_flux": 3.0, "replicas": 4, "error": -0.8333333333333335}, "2020-07-31T18:08:39Z": {"lease_expired_count": 0, "expected_output_flux": 3.3333333333333335, "input_flux": 3.5, "queue_size": 0, "real_output_flux": 3.0, "replicas": 5, "error": -0.16666666666666652}, "2020-07-31T18:11:20Z": {"lease_expired_count": 1, "expected_output_flux": 3.3333333333333335, "input_flux": 3.0, "queue_size": 0, "real_output_flux": 3.0, "replicas": 5, "error": 0.3333333333333335}, "2020-07-31T18:06:17Z": {"lease_expired_count": 0, "expected_output_flux": 2.6666666666666665, "input_flux": 3.0, "queue_size": 0, "real_output_flux": 3.5, "replicas": 4, "error": -0.3333333333333335}, "2020-07-31T18:14:34Z": {"lease_expired_count": 3, "expected_output_flux": 2.6666666666666665, "input_flux": 3.5, "queue_size": 0, "real_output_flux": 3.0, "replicas": 4, "error": -0.8333333333333335}, "2020-07-31T18:06:48Z": {"lease_expired_count": 0, "expected_output_flux": 3.3333333333333335, "input_flux": 3.5, "queue_size": 0, "real_output_flux": 3.0, "replicas": 5, "error": -0.16666666666666652}, "2020-07-31T18:05:23Z": {"lease_expired_count": 0, "expected_output_flux": 3.3333333333333335, "input_flux": 3.5, "queue_size": 46, "real_output_flux": 4.0, "replicas": 5, "error": -0.16666666666666652}, "2020-07-31T18:06:34Z": {"lease_expired_count": 0, "expected_output_flux": 3.3333333333333335, "input_flux": 3.0, "queue_size": 0, "real_output_flux": 3.0, "replicas": 5, "error": 0.3333333333333335}, "2020-07-31T18:12:07Z": {"lease_expired_count": 1, "expected_output_flux": 2.6666666666666665, "input_flux": 3.0, "queue_size": 0, "real_output_flux": 3.0, "replicas": 4, "error": -0.3333333333333335}, "2020-07-31T18:07:53Z": {"lease_expired_count": 0, "expected_output_flux": 3.3333333333333335, "input_flux": 3.0, "queue_size": 0, "real_output_flux": 3.0, "replicas": 5, "error": 0.3333333333333335}, "2020-07-31T18:06:13Z": {"lease_expired_count": 0, "expected_output_flux": 2.6666666666666665, "input_flux": 3.0, "queue_size": 0, "real_output_flux": 3.5, "replicas": 4, "error": -0.3333333333333335}, "2020-07-31T18:13:21Z": {"lease_expired_count": 1, "expected_output_flux": 3.3333333333333335, "input_flux": 3.5, "queue_size": 0, "real_output_flux": 3.0, "replicas": 5, "error": -0.16666666666666652}, "2020-07-31T18:05:18Z": {"lease_expired_count": 0, "expected_output_flux": 3.3333333333333335, "input_flux": 3.5, "queue_size": 47, "real_output_flux": 2.5, "replicas": 5, "error": -0.16666666666666652}, "2020-07-31T18:08:26Z": {"lease_expired_count": 0, "expected_output_flux": 3.3333333333333335, "input_flux": 3.0, "queue_size": 0, "real_output_flux": 3.5, "replicas": 5, "error": 0.3333333333333335}, "2020-07-31T18:13:08Z": {"lease_expired_count": 1, "expected_output_flux": 3.3333333333333335, "input_flux": 3.0, "queue_size": 0, "real_output_flux": 3.0, "replicas": 5, "error": 0.3333333333333335}, "2020-07-31T18:07:42Z": {"lease_expired_count": 0, "expected_output_flux": 2.6666666666666665, "input_flux": 3.0, "queue_size": 0, "real_output_flux": 3.0, "replicas": 4, "error": -0.3333333333333335}, "2020-07-31T18:13:19Z": {"lease_expired_count": 1, "expected_output_flux": 3.3333333333333335, "input_flux": 3.0, "queue_size": 0, "real_output_flux": 3.5, "replicas": 5, "error": 0.3333333333333335}, "2020-07-31T18:05:51Z": {"lease_expired_count": 0, "expected_output_flux": 3.3333333333333335, "input_flux": 3.0, "queue_size": 16, "real_output_flux": 4.5, "replicas": 5, "error": 0.3333333333333335}, "2020-07-31T18:13:36Z": {"lease_expired_count": 2, "expected_output_flux": 3.3333333333333335, "input_flux": 3.0, "queue_size": 0, "real_output_flux": 3.0, "replicas": 5, "error": 0.3333333333333335}, "2020-07-31T18:13:25Z": {"lease_expired_count": 1, "expected_output_flux": 3.3333333333333335, "input_flux": 3.5, "queue_size": 0, "real_output_flux": 3.0, "replicas": 5, "error": -0.16666666666666652}, "2020-07-31T18:09:09Z": {"lease_expired_count": 1, "expected_output_flux": 2.6666666666666665, "input_flux": 3.0, "queue_size": 0, "real_output_flux": 3.5, "replicas": 4, "error": -0.3333333333333335}, "2020-07-31T18:05:14Z": {"lease_expired_count": 0, "expected_output_flux": 3.3333333333333335, "input_flux": 3.0, "queue_size": 43, "real_output_flux": 2.5, "replicas": 5, "error": 0.3333333333333335}, "2020-07-31T18:10:23Z": {"lease_expired_count": 1, "expected_output_flux": 3.3333333333333335, "input_flux": 3.5, "queue_size": 0, "real_output_flux": 3.0, "replicas": 5, "error": -0.16666666666666652}, "2020-07-31T18:10:38Z": {"lease_expired_count": 1, "expected_output_flux": 3.3333333333333335, "input_flux": 3.5, "queue_size": 0, "real_output_flux": 3.0, "replicas": 5, "error": -0.16666666666666652}, "2020-07-31T18:06:02Z": {"lease_expired_count": 0, "expected_output_flux": 3.3333333333333335, "input_flux": 3.0, "queue_size": 5, "real_output_flux": 4.5, "replicas": 5, "error": 0.3333333333333335}, "2020-07-31T18:12:46Z": {"lease_expired_count": 1, "expected_output_flux": 3.3333333333333335, "input_flux": 3.0, "queue_size": 0, "real_output_flux": 3.0, "replicas": 5, "error": 0.3333333333333335}, "2020-07-31T18:06:26Z": {"lease_expired_count": 0, "expected_output_flux": 4.0, "input_flux": 3.5, "queue_size": 0, "real_output_flux": 3.0, "replicas": 6, "error": 0.5}, "2020-07-31T18:14:36Z": {"lease_expired_count": 3, "expected_output_flux": 2.6666666666666665, "input_flux": 3.0, "queue_size": 0, "real_output_flux": 3.5, "replicas": 4, "error": -0.3333333333333335}, "2020-07-31T18:12:44Z": {"lease_expired_count": 1, "expected_output_flux": 2.6666666666666665, "input_flux": 3.0, "queue_size": 0, "real_output_flux": 3.5, "replicas": 4, "error": -0.3333333333333335}, "2020-07-31T18:13:13Z": {"lease_expired_count": 1, "expected_output_flux": 3.3333333333333335, "input_flux": 3.0, "queue_size": 0, "real_output_flux": 3.5, "replicas": 5, "error": 0.3333333333333335}, "2020-07-31T18:12:01Z": {"lease_expired_count": 1, "expected_output_flux": 2.6666666666666665, "input_flux": 3.5, "queue_size": 0, "real_output_flux": 3.0, "replicas": 4, "error": -0.8333333333333335}, "2020-07-31T18:06:30Z": {"lease_expired_count": 0, "expected_output_flux": 3.3333333333333335, "input_flux": 3.5, "queue_size": 0, "real_output_flux": 2.5, "replicas": 5, "error": -0.16666666666666652}, "2020-07-31T18:11:48Z": {"lease_expired_count": 1, "expected_output_flux": 3.3333333333333335, "input_flux": 3.0, "queue_size": 0, "real_output_flux": 3.5, "replicas": 5, "error": 0.3333333333333335}, "2020-07-31T18:11:37Z": {"lease_expired_count": 1, "expected_output_flux": 3.3333333333333335, "input_flux": 3.0, "queue_size": 0, "real_output_flux": 3.5, "replicas": 5, "error": 0.3333333333333335}, "2020-07-31T18:08:52Z": {"lease_expired_count": 0, "expected_output_flux": 3.3333333333333335, "input_flux": 3.0, "queue_size": 0, "real_output_flux": 3.0, "replicas": 5, "error": 0.3333333333333335}, "2020-07-31T18:08:08Z": {"lease_expired_count": 0, "expected_output_flux": 3.3333333333333335, "input_flux": 3.5, "queue_size": 0, "real_output_flux": 3.5, "replicas": 5, "error": -0.16666666666666652}, "2020-07-31T18:08:54Z": {"lease_expired_count": 1, "expected_output_flux": 3.3333333333333335, "input_flux": 3.5, "queue_size": 0, "real_output_flux": 3.5, "replicas": 5, "error": -0.16666666666666652}, "2020-07-31T18:11:13Z": {"lease_expired_count": 1, "expected_output_flux": 3.3333333333333335, "input_flux": 3.5, "queue_size": 0, "real_output_flux": 3.0, "replicas": 5, "error": -0.16666666666666652}, "2020-07-31T18:05:12Z": {"lease_expired_count": 0, "expected_output_flux": 3.3333333333333335, "input_flux": 3.5, "queue_size": 42, "real_output_flux": 1.0, "replicas": 5, "error": -0.16666666666666652}, "2020-07-31T18:09:18Z": {"lease_expired_count": 1, "expected_output_flux": 2.6666666666666665, "input_flux": 3.0, "queue_size": 0, "real_output_flux": 3.0, "replicas": 4, "error": -0.3333333333333335}, "2020-07-31T18:11:00Z": {"lease_expired_count": 1, "expected_output_flux": 3.3333333333333335, "input_flux": 3.0, "queue_size": 0, "real_output_flux": 3.5, "replicas": 5, "error": 0.3333333333333335}, "2020-07-31T18:05:55Z": {"lease_expired_count": 0, "expected_output_flux": 3.3333333333333335, "input_flux": 3.0, "queue_size": 12, "real_output_flux": 4.0, "replicas": 5, "error": 0.3333333333333335}, "2020-07-31T18:07:01Z": {"lease_expired_count": 0, "expected_output_flux": 3.3333333333333335, "input_flux": 3.0, "queue_size": 0, "real_output_flux": 3.5, "replicas": 5, "error": 0.3333333333333335}, "2020-07-31T18:07:46Z": {"lease_expired_count": 0, "expected_output_flux": 2.6666666666666665, "input_flux": 3.0, "queue_size": 0, "real_output_flux": 3.0, "replicas": 4, "error": -0.3333333333333335}, "2020-07-31T18:10:36Z": {"lease_expired_count": 1, "expected_output_flux": 3.3333333333333335, "input_flux": 3.0, "queue_size": 0, "real_output_flux": 3.5, "replicas": 5, "error": 0.3333333333333335}, "2020-07-31T18:11:56Z": {"lease_expired_count": 1, "expected_output_flux": 3.3333333333333335, "input_flux": 3.5, "queue_size": 0, "real_output_flux": 3.0, "replicas": 5, "error": -0.16666666666666652}, "2020-07-31T18:12:55Z": {"lease_expired_count": 1, "expected_output_flux": 3.3333333333333335, "input_flux": 3.0, "queue_size": 0, "real_output_flux": 2.5, "replicas": 5, "error": 0.3333333333333335}, "2020-07-31T18:07:55Z": {"lease_expired_count": 0, "expected_output_flux": 3.3333333333333335, "input_flux": 3.0, "queue_size": 0, "real_output_flux": 3.0, "replicas": 5, "error": 0.3333333333333335}, "2020-07-31T18:07:44Z": {"lease_expired_count": 0, "expected_output_flux": 2.6666666666666665, "input_flux": 3.5, "queue_size": 0, "real_output_flux": 3.5, "replicas": 4, "error": -0.8333333333333335}, "2020-07-31T18:11:04Z": {"lease_expired_count": 1, "expected_output_flux": 3.3333333333333335, "input_flux": 3.0, "queue_size": 0, "real_output_flux": 3.0, "replicas": 5, "error": 0.3333333333333335}, "2020-07-31T18:08:47Z": {"lease_expired_count": 0, "expected_output_flux": 3.3333333333333335, "input_flux": 3.0, "queue_size": 0, "real_output_flux": 3.5, "replicas": 5, "error": 0.3333333333333335}, "2020-07-31T18:09:29Z": {"lease_expired_count": 1, "expected_output_flux": 4.0, "input_flux": 3.5, "queue_size": 0, "real_output_flux": 3.5, "replicas": 6, "error": 0.5}, "2020-07-31T18:09:24Z": {"lease_expired_count": 1, "expected_output_flux": 4.0, "input_flux": 3.0, "queue_size": 0, "real_output_flux": 3.0, "replicas": 6, "error": 1.0}, "2020-07-31T18:11:09Z": {"lease_expired_count": 1, "expected_output_flux": 3.3333333333333335, "input_flux": 3.5, "queue_size": 0, "real_output_flux": 3.0, "replicas": 5, "error": -0.16666666666666652}, "2020-07-31T18:13:47Z": {"lease_expired_count": 2, "expected_output_flux": 2.6666666666666665, "input_flux": 3.0, "queue_size": 0, "real_output_flux": 3.0, "replicas": 4, "error": -0.3333333333333335}, "2020-07-31T18:13:43Z": {"lease_expired_count": 2, "expected_output_flux": 3.3333333333333335, "input_flux": 3.5, "queue_size": 0, "real_output_flux": 3.0, "replicas": 5, "error": -0.16666666666666652}, "2020-07-31T18:09:03Z": {"lease_expired_count": 1, "expected_output_flux": 2.6666666666666665, "input_flux": 3.0, "queue_size": 0, "real_output_flux": 3.0, "replicas": 4, "error": -0.3333333333333335}, "2020-07-31T18:09:53Z": {"lease_expired_count": 1, "expected_output_flux": 3.3333333333333335, "input_flux": 3.0, "queue_size": 0, "real_output_flux": 3.0, "replicas": 5, "error": 0.3333333333333335}, "2020-07-31T18:06:59Z": {"lease_expired_count": 0, "expected_output_flux": 3.3333333333333335, "input_flux": 3.5, "queue_size": 0, "real_output_flux": 3.5, "replicas": 5, "error": -0.16666666666666652}, "2020-07-31T18:14:03Z": {"lease_expired_count": 3, "expected_output_flux": 3.3333333333333335, "input_flux": 3.0, "queue_size": 0, "real_output_flux": 3.0, "replicas": 5, "error": 0.3333333333333335}, "2020-07-31T18:09:20Z": {"lease_expired_count": 1, "expected_output_flux": 2.6666666666666665, "input_flux": 3.0, "queue_size": 0, "real_output_flux": 3.0, "replicas": 4, "error": -0.3333333333333335}, "2020-07-31T18:12:36Z": {"lease_expired_count": 1, "expected_output_flux": 4.0, "input_flux": 3.0, "queue_size": 0, "real_output_flux": 3.5, "replicas": 6, "error": 1.0}, "2020-07-31T18:07:20Z": {"lease_expired_count": 0, "expected_output_flux": 3.3333333333333335, "input_flux": 3.0, "queue_size": 0, "real_output_flux": 3.5, "replicas": 5, "error": 0.3333333333333335}, "2020-07-31T18:13:10Z": {"lease_expired_count": 1, "expected_output_flux": 3.3333333333333335, "input_flux": 3.5, "queue_size": 0, "real_output_flux": 3.5, "replicas": 5, "error": -0.16666666666666652}, "2020-07-31T18:12:05Z": {"lease_expired_count": 1, "expected_output_flux": 2.6666666666666665, "input_flux": 3.5, "queue_size": 0, "real_output_flux": 3.0, "replicas": 4, "error": -0.8333333333333335}, "2020-07-31T18:14:09Z": {"lease_expired_count": 3, "expected_output_flux": 2.6666666666666665, "input_flux": 3.0, "queue_size": 0, "real_output_flux": 3.5, "replicas": 4, "error": -0.3333333333333335}, "2020-07-31T18:07:07Z": {"lease_expired_count": 0, "expected_output_flux": 3.3333333333333335, "input_flux": 3.5, "queue_size": 0, "real_output_flux": 3.0, "replicas": 5, "error": -0.16666666666666652}, "2020-07-31T18:14:19Z": {"lease_expired_count": 3, "expected_output_flux": 2.6666666666666665, "input_flux": 5.0, "queue_size": 0, "real_output_flux": 4.0, "replicas": 4, "error": -2.3333333333333335}, "2020-07-31T18:09:44Z": {"lease_expired_count": 1, "expected_output_flux": 3.3333333333333335, "input_flux": 3.0, "queue_size": 0, "real_output_flux": 3.5, "replicas": 5, "error": 0.3333333333333335}, "2020-07-31T18:05:10Z": {"lease_expired_count": 0, "expected_output_flux": 3.3333333333333335, "input_flux": 3.0, "queue_size": 37, "real_output_flux": 1.0, "replicas": 5, "error": 0.3333333333333335}, "2020-07-31T18:07:33Z": {"lease_expired_count": 0, "expected_output_flux": 2.6666666666666665, "input_flux": 3.0, "queue_size": 0, "real_output_flux": 3.0, "replicas": 4, "error": -0.3333333333333335}, "2020-07-31T18:11:39Z": {"lease_expired_count": 1, "expected_output_flux": 3.3333333333333335, "input_flux": 3.5, "queue_size": 0, "real_output_flux": 3.0, "replicas": 5, "error": -0.16666666666666652}, "2020-07-31T18:12:33Z": {"lease_expired_count": 1, "expected_output_flux": 2.6666666666666665, "input_flux": 3.5, "queue_size": 0, "real_output_flux": 2.5, "replicas": 4, "error": -0.8333333333333335}, "2020-07-31T18:05:36Z": {"lease_expired_count": 0, "expected_output_flux": 3.3333333333333335, "input_flux": 3.0, "queue_size": 32, "real_output_flux": 4.0, "replicas": 5, "error": 0.3333333333333335}, "2020-07-31T18:12:49Z": {"lease_expired_count": 1, "expected_output_flux": 3.3333333333333335, "input_flux": 3.5, "queue_size": 0, "real_output_flux": 3.0, "replicas": 5, "error": -0.16666666666666652}, "2020-07-31T18:08:02Z": {"lease_expired_count": 0, "expected_output_flux": 3.3333333333333335, "input_flux": 3.0, "queue_size": 0, "real_output_flux": 3.0, "replicas": 5, "error": 0.3333333333333335}, "2020-07-31T18:05:07Z": {"lease_expired_count": 0, "expected_output_flux": 3.3333333333333335, "input_flux": 3.0, "queue_size": 33, "real_output_flux": 0.0, "replicas": 5, "error": 0.3333333333333335}, "2020-07-31T18:12:53Z": {"lease_expired_count": 1, "expected_output_flux": 3.3333333333333335, "input_flux": 3.5, "queue_size": 0, "real_output_flux": 4.0, "replicas": 5, "error": -0.16666666666666652}, "2020-07-31T18:08:37Z": {"lease_expired_count": 0, "expected_output_flux": 3.3333333333333335, "input_flux": 3.0, "queue_size": 0, "real_output_flux": 3.0, "replicas": 5, "error": 0.3333333333333335}, "2020-07-31T18:05:49Z": {"lease_expired_count": 0, "expected_output_flux": 3.3333333333333335, "input_flux": 3.5, "queue_size": 19, "real_output_flux": 4.5, "replicas": 5, "error": -0.16666666666666652}, "2020-07-31T18:07:31Z": {"lease_expired_count": 0, "expected_output_flux": 2.6666666666666665, "input_flux": 3.0, "queue_size": 0, "real_output_flux": 3.5, "replicas": 4, "error": -0.3333333333333335}, "2020-07-31T18:08:15Z": {"lease_expired_count": 0, "expected_output_flux": 3.3333333333333335, "input_flux": 3.0, "queue_size": 0, "real_output_flux": 3.5, "replicas": 5, "error": 0.3333333333333335}, "2020-07-31T18:13:06Z": {"lease_expired_count": 1, "expected_output_flux": 3.3333333333333335, "input_flux": 3.5, "queue_size": 0, "real_output_flux": 3.0, "replicas": 5, "error": -0.16666666666666652}, "2020-07-31T18:07:03Z": {"lease_expired_count": 0, "expected_output_flux": 3.3333333333333335, "input_flux": 3.5, "queue_size": 0, "real_output_flux": 3.5, "replicas": 5, "error": -0.16666666666666652}, "2020-07-31T18:10:54Z": {"lease_expired_count": 1, "expected_output_flux": 3.3333333333333335, "input_flux": 3.5, "queue_size": 0, "real_output_flux": 3.0, "replicas": 5, "error": -0.16666666666666652}, "2020-07-31T18:10:14Z": {"lease_expired_count": 1, "expected_output_flux": 3.3333333333333335, "input_flux": 3.5, "queue_size": 0, "real_output_flux": 3.0, "replicas": 5, "error": -0.16666666666666652}, "2020-07-31T18:05:16Z": {"lease_expired_count": 0, "expected_output_flux": 3.3333333333333335, "input_flux": 3.0, "queue_size": 45, "real_output_flux": 1.5, "replicas": 5, "error": 0.3333333333333335}, "2020-07-31T18:07:05Z": {"lease_expired_count": 0, "expected_output_flux": 3.3333333333333335, "input_flux": 3.0, "queue_size": 0, "real_output_flux": 3.0, "replicas": 5, "error": 0.3333333333333335}, "2020-07-31T18:08:17Z": {"lease_expired_count": 0, "expected_output_flux": 3.3333333333333335, "input_flux": 3.5, "queue_size": 0, "real_output_flux": 3.0, "replicas": 5, "error": -0.16666666666666652}, "2020-07-31T18:12:23Z": {"lease_expired_count": 1, "expected_output_flux": 4.0, "input_flux": 3.5, "queue_size": 0, "real_output_flux": 3.0, "replicas": 6, "error": 0.5}, "2020-07-31T18:10:16Z": {"lease_expired_count": 1, "expected_output_flux": 3.3333333333333335, "input_flux": 3.0, "queue_size": 0, "real_output_flux": 3.5, "replicas": 5, "error": 0.3333333333333335}, "2020-07-31T18:05:05Z": {"lease_expired_count": 0, "expected_output_flux": 3.3333333333333335, "input_flux": 3.5, "queue_size": 30, "real_output_flux": 0.0, "replicas": 5, "error": -0.16666666666666652}, "2020-07-31T18:08:21Z": {"lease_expired_count": 0, "expected_output_flux": 3.3333333333333335, "input_flux": 3.5, "queue_size": 0, "real_output_flux": 3.0, "replicas": 5, "error": -0.16666666666666652}, "2020-07-31T18:08:32Z": {"lease_expired_count": 0, "expected_output_flux": 3.3333333333333335, "input_flux": 3.5, "queue_size": 0, "real_output_flux": 3.0, "replicas": 5, "error": -0.16666666666666652}, "2020-07-31T18:13:30Z": {"lease_expired_count": 2, "expected_output_flux": 3.3333333333333335, "input_flux": 3.0, "queue_size": 0, "real_output_flux": 3.5, "replicas": 5, "error": 0.3333333333333335}, "2020-07-31T18:09:51Z": {"lease_expired_count": 1, "expected_output_flux": 3.3333333333333335, "input_flux": 3.5, "queue_size": 0, "real_output_flux": 3.5, "replicas": 5, "error": -0.16666666666666652}, "2020-07-31T18:09:00Z": {"lease_expired_count": 1, "expected_output_flux": 2.6666666666666665, "input_flux": 3.5, "queue_size": 0, "real_output_flux": 3.0, "replicas": 4, "error": -0.8333333333333335}, "2020-07-31T18:11:54Z": {"lease_expired_count": 1, "expected_output_flux": 3.3333333333333335, "input_flux": 3.0, "queue_size": 0, "real_output_flux": 3.0, "replicas": 5, "error": 0.3333333333333335}, "2020-07-31T18:05:25Z": {"lease_expired_count": 0, "expected_output_flux": 3.3333333333333335, "input_flux": 3.0, "queue_size": 44, "real_output_flux": 4.0, "replicas": 5, "error": 0.3333333333333335}, "2020-07-31T18:12:20Z": {"lease_expired_count": 1, "expected_output_flux": 2.6666666666666665, "input_flux": 3.0, "queue_size": 0, "real_output_flux": 3.5, "replicas": 4, "error": -0.3333333333333335}}}