{"end_time": 1596225733.4542212, "report": {"2020-07-31T19:57:27Z": {"expected_output_flux": 6.666666666666667, "replicas": 10, "queue_size": 31, "real_output_flux": 1.5, "error": -2.0, "lease_expired_count": 23, "input_flux": 3.5}, "2020-07-31T19:51:48Z": {"expected_output_flux": 4.0, "replicas": 6, "queue_size": 18, "real_output_flux": 0.0, "error": -3.0, "lease_expired_count": 0, "input_flux": 3.0}, "2020-07-31T20:02:49Z": {"expected_output_flux": 0.6666666666666666, "replicas": 1, "queue_size": 0, "real_output_flux": 0.0, "error": 0.0, "lease_expired_count": 50, "input_flux": 0.0}, "2020-07-31T19:55:54Z": {"expected_output_flux": 2.6666666666666665, "replicas": 4, "queue_size": 1, "real_output_flux": 2.5, "error": -1.5, "lease_expired_count": 16, "input_flux": 4.0}, "2020-07-31T19:58:06Z": {"expected_output_flux": 0.6666666666666666, "replicas": 1, "queue_size": 0, "real_output_flux": 3.5, "error": 0.5, "lease_expired_count": 26, "input_flux": 3.0}, "2020-07-31T19:58:47Z": {"expected_output_flux": 4.666666666666667, "replicas": 7, "queue_size": 16, "real_output_flux": 3.5, "error": 0.0, "lease_expired_count": 28, "input_flux": 3.5}, "2020-07-31T19:54:36Z": {"expected_output_flux": 1.3333333333333333, "replicas": 2, "queue_size": 0, "real_output_flux": 3.0, "error": 0.0, "lease_expired_count": 6, "input_flux": 3.0}, "2020-07-31T20:02:36Z": {"expected_output_flux": 0.6666666666666666, "replicas": 1, "queue_size": 0, "real_output_flux": 0.0, "error": 0.0, "lease_expired_count": 50, "input_flux": 0.0}, "2020-07-31T19:54:30Z": {"expected_output_flux": 0.6666666666666666, "replicas": 1, "queue_size": 0, "real_output_flux": 3.0, "error": -0.5, "lease_expired_count": 6, "input_flux": 3.5}, "2020-07-31T19:55:36Z": {"expected_output_flux": 2.6666666666666665, "replicas": 4, "queue_size": 0, "real_output_flux": 3.0, "error": -0.5, "lease_expired_count": 11, "input_flux": 3.5}, "2020-07-31T19:58:49Z": {"expected_output_flux": 4.666666666666667, "replicas": 7, "queue_size": 9, "real_output_flux": 6.5, "error": 3.5, "lease_expired_count": 28, "input_flux": 3.0}, "2020-07-31T20:03:04Z": {"expected_output_flux": 0.6666666666666666, "replicas": 1, "queue_size": 0, "real_output_flux": 0.0, "error": 0.0, "lease_expired_count": 51, "input_flux": 0.0}, "2020-07-31T19:59:53Z": {"expected_output_flux": 6.666666666666667, "replicas": 10, "queue_size": 8, "real_output_flux": 3.0, "error": 0.5, "lease_expired_count": 32, "input_flux": 2.5}, "2020-07-31T19:54:28Z": {"expected_output_flux": 0.6666666666666666, "replicas": 1, "queue_size": 0, "real_output_flux": 3.5, "error": 0.5, "lease_expired_count": 6, "input_flux": 3.0}, "2020-07-31T20:00:51Z": {"expected_output_flux": 6.666666666666667, "replicas": 10, "queue_size": 17, "real_output_flux": 6.5, "error": 0.0, "lease_expired_count": 38, "input_flux": 6.5}, "2020-07-31T20:01:33Z": {"expected_output_flux": 2.0, "replicas": 3, "queue_size": 4, "real_output_flux": 1.5, "error": -2.0, "lease_expired_count": 42, "input_flux": 3.5}, "2020-07-31T19:52:58Z": {"expected_output_flux": 6.666666666666667, "replicas": 10, "queue_size": 28, "real_output_flux": 1.0, "error": -2.0, "lease_expired_count": 0, "input_flux": 3.0}, "2020-07-31T19:57:35Z": {"expected_output_flux": 6.666666666666667, "replicas": 10, "queue_size": 28, "real_output_flux": 4.0, "error": -1.0, "lease_expired_count": 24, "input_flux": 5.0}, "2020-07-31T19:52:23Z": {"expected_output_flux": 0.6666666666666666, "replicas": 1, "queue_size": 0, "real_output_flux": 3.5, "error": 0.5, "lease_expired_count": 0, "input_flux": 3.0}, "2020-07-31T19:53:29Z": {"expected_output_flux": 0.6666666666666666, "replicas": 1, "queue_size": 0, "real_output_flux": 3.5, "error": 0.5, "lease_expired_count": 0, "input_flux": 3.0}, "2020-07-31T20:03:17Z": {"expected_output_flux": 0.6666666666666666, "replicas": 1, "queue_size": 0, "real_output_flux": 0.0, "error": 0.0, "lease_expired_count": 51, "input_flux": 0.0}, "2020-07-31T20:01:44Z": {"expected_output_flux": 6.666666666666667, "replicas": 10, "queue_size": 19, "real_output_flux": 2.0, "error": -1.0, "lease_expired_count": 42, "input_flux": 3.0}, "2020-07-31T20:01:54Z": {"expected_output_flux": 6.666666666666667, "replicas": 10, "queue_size": 15, "real_output_flux": 7.0, "error": 1.0, "lease_expired_count": 43, "input_flux": 6.0}, "2020-07-31T19:56:45Z": {"expected_output_flux": 0.6666666666666666, "replicas": 1, "queue_size": 0, "real_output_flux": 4.0, "error": 0.0, "lease_expired_count": 18, "input_flux": 4.0}, "2020-07-31T20:00:09Z": {"expected_output_flux": 1.3333333333333333, "replicas": 2, "queue_size": 0, "real_output_flux": 3.0, "error": 0.0, "lease_expired_count": 32, "input_flux": 3.0}, "2020-07-31T19:54:47Z": {"expected_output_flux": 2.0, "replicas": 3, "queue_size": 0, "real_output_flux": 5.5, "error": 2.5, "lease_expired_count": 11, "input_flux": 3.0}, "2020-07-31T19:58:45Z": {"expected_output_flux": 4.666666666666667, "replicas": 7, "queue_size": 17, "real_output_flux": 3.5, "error": 1.5, "lease_expired_count": 28, "input_flux": 2.0}, "2020-07-31T20:02:46Z": {"expected_output_flux": 0.6666666666666666, "replicas": 1, "queue_size": 0, "real_output_flux": 0.0, "error": 0.0, "lease_expired_count": 50, "input_flux": 0.0}, "2020-07-31T20:01:24Z": {"expected_output_flux": 1.3333333333333333, "replicas": 2, "queue_size": 0, "real_output_flux": 3.5, "error": 0.5, "lease_expired_count": 38, "input_flux": 3.0}, "2020-07-31T19:59:17Z": {"expected_output_flux": 0.6666666666666666, "replicas": 1, "queue_size": 0, "real_output_flux": 3.0, "error": 0.0, "lease_expired_count": 30, "input_flux": 3.0}, "2020-07-31T19:58:13Z": {"expected_output_flux": 1.3333333333333333, "replicas": 2, "queue_size": 0, "real_output_flux": 4.0, "error": 1.0, "lease_expired_count": 28, "input_flux": 3.0}, "2020-07-31T19:55:14Z": {"expected_output_flux": 6.666666666666667, "replicas": 10, "queue_size": 9, "real_output_flux": 3.0, "error": 0.0, "lease_expired_count": 11, "input_flux": 3.0}, "2020-07-31T19:53:18Z": {"expected_output_flux": 0.6666666666666666, "replicas": 1, "queue_size": 3, "real_output_flux": 6.0, "error": 2.5, "lease_expired_count": 0, "input_flux": 3.5}, "2020-07-31T20:02:14Z": {"expected_output_flux": 0.6666666666666666, "replicas": 1, "queue_size": 0, "real_output_flux": 3.5, "error": 1.5, "lease_expired_count": 43, "input_flux": 2.0}, "2020-07-31T20:01:04Z": {"expected_output_flux": 0.6666666666666666, "replicas": 1, "queue_size": 0, "real_output_flux": 11.5, "error": 4.0, "lease_expired_count": 38, "input_flux": 7.5}, "2020-07-31T19:59:33Z": {"expected_output_flux": 3.3333333333333335, "replicas": 5, "queue_size": 13, "real_output_flux": 2.0, "error": -1.0, "lease_expired_count": 32, "input_flux": 3.0}, "2020-07-31T20:02:18Z": {"expected_output_flux": 0.6666666666666666, "replicas": 1, "queue_size": 0, "real_output_flux": 0.0, "error": 0.0, "lease_expired_count": 43, "input_flux": 0.0}, "2020-07-31T19:53:44Z": {"expected_output_flux": 0.6666666666666666, "replicas": 1, "queue_size": 0, "real_output_flux": 3.5, "error": 0.0, "lease_expired_count": 5, "input_flux": 3.5}, "2020-07-31T19:54:00Z": {"expected_output_flux": 6.666666666666667, "replicas": 10, "queue_size": 29, "real_output_flux": 1.0, "error": -2.0, "lease_expired_count": 6, "input_flux": 3.0}, "2020-07-31T19:59:04Z": {"expected_output_flux": 1.3333333333333333, "replicas": 2, "queue_size": 0, "real_output_flux": 3.0, "error": 0.0, "lease_expired_count": 28, "input_flux": 3.0}, "2020-07-31T19:56:34Z": {"expected_output_flux": 2.6666666666666665, "replicas": 4, "queue_size": 1, "real_output_flux": 2.5, "error": -1.0, "lease_expired_count": 18, "input_flux": 3.5}, "2020-07-31T19:59:20Z": {"expected_output_flux": 0.6666666666666666, "replicas": 1, "queue_size": 0, "real_output_flux": 5.0, "error": 2.0, "lease_expired_count": 32, "input_flux": 3.0}, "2020-07-31T20:00:13Z": {"expected_output_flux": 1.3333333333333333, "replicas": 2, "queue_size": 0, "real_output_flux": 3.0, "error": 0.0, "lease_expired_count": 33, "input_flux": 3.0}, "2020-07-31T20:03:30Z": {"expected_output_flux": 0.6666666666666666, "replicas": 1, "queue_size": 0, "real_output_flux": 0.0, "error": 0.0, "lease_expired_count": 51, "input_flux": 0.0}, "2020-07-31T19:56:43Z": {"expected_output_flux": 0.6666666666666666, "replicas": 1, "queue_size": 0, "real_output_flux": 3.0, "error": 0.0, "lease_expired_count": 18, "input_flux": 3.0}, "2020-07-31T19:55:31Z": {"expected_output_flux": 2.0, "replicas": 3, "queue_size": 0, "real_output_flux": 3.0, "error": -0.5, "lease_expired_count": 11, "input_flux": 3.5}, "2020-07-31T19:53:12Z": {"expected_output_flux": 5.333333333333333, "replicas": 8, "queue_size": 22, "real_output_flux": 6.5, "error": 3.0, "lease_expired_count": 0, "input_flux": 3.5}, "2020-07-31T19:59:35Z": {"expected_output_flux": 5.333333333333333, "replicas": 8, "queue_size": 17, "real_output_flux": 1.0, "error": -2.0, "lease_expired_count": 32, "input_flux": 3.0}, "2020-07-31T19:54:49Z": {"expected_output_flux": 2.0, "replicas": 3, "queue_size": 0, "real_output_flux": 2.5, "error": -0.5, "lease_expired_count": 11, "input_flux": 3.0}, "2020-07-31T19:52:54Z": {"expected_output_flux": 4.666666666666667, "replicas": 7, "queue_size": 19, "real_output_flux": 1.0, "error": -2.0, "lease_expired_count": 0, "input_flux": 3.0}, "2020-07-31T19:56:54Z": {"expected_output_flux": 0.6666666666666666, "replicas": 1, "queue_size": 0, "real_output_flux": 4.0, "error": 1.0, "lease_expired_count": 22, "input_flux": 3.0}, "2020-07-31T19:54:58Z": {"expected_output_flux": 4.0, "replicas": 6, "queue_size": 3, "real_output_flux": 2.0, "error": -1.5, "lease_expired_count": 11, "input_flux": 3.5}, "2020-07-31T19:56:58Z": {"expected_output_flux": 0.6666666666666666, "replicas": 1, "queue_size": 0, "real_output_flux": 3.0, "error": -0.5, "lease_expired_count": 22, "input_flux": 3.5}, "2020-07-31T20:00:56Z": {"expected_output_flux": 5.333333333333333, "replicas": 8, "queue_size": 11, "real_output_flux": 4.0, "error": 1.0, "lease_expired_count": 38, "input_flux": 3.0}, "2020-07-31T19:51:41Z": {"expected_output_flux": 0.6666666666666666, "replicas": 1, "queue_size": 1, "real_output_flux": 0.0, "error": 0.0, "lease_expired_count": 0, "input_flux": 0.0}, "2020-07-31T19:52:56Z": {"expected_output_flux": 6.666666666666667, "replicas": 10, "queue_size": 24, "real_output_flux": 1.0, "error": -2.5, "lease_expired_count": 0, "input_flux": 3.5}, "2020-07-31T19:58:56Z": {"expected_output_flux": 0.6666666666666666, "replicas": 1, "queue_size": 0, "real_output_flux": 3.5, "error": 0.0, "lease_expired_count": 28, "input_flux": 3.5}, "2020-07-31T19:53:33Z": {"expected_output_flux": 0.6666666666666666, "replicas": 1, "queue_size": 0, "real_output_flux": 3.5, "error": 0.5, "lease_expired_count": 0, "input_flux": 3.0}, "2020-07-31T19:52:30Z": {"expected_output_flux": 0.6666666666666666, "replicas": 1, "queue_size": 0, "real_output_flux": 3.0, "error": -0.5, "lease_expired_count": 0, "input_flux": 3.5}, "2020-07-31T20:00:46Z": {"expected_output_flux": 6.666666666666667, "replicas": 10, "queue_size": 20, "real_output_flux": 2.0, "error": -1.5, "lease_expired_count": 38, "input_flux": 3.5}, "2020-07-31T20:02:33Z": {"expected_output_flux": 0.6666666666666666, "replicas": 1, "queue_size": 0, "real_output_flux": 0.0, "error": 0.0, "lease_expired_count": 50, "input_flux": 0.0}, "2020-07-31T20:02:31Z": {"expected_output_flux": 0.6666666666666666, "replicas": 1, "queue_size": 0, "real_output_flux": 1.5, "error": 1.5, "lease_expired_count": 50, "input_flux": 0.0}, "2020-07-31T19:58:51Z": {"expected_output_flux": 4.666666666666667, "replicas": 7, "queue_size": 0, "real_output_flux": 8.5, "error": 5.0, "lease_expired_count": 28, "input_flux": 3.5}, "2020-07-31T19:58:26Z": {"expected_output_flux": 4.666666666666667, "replicas": 7, "queue_size": 15, "real_output_flux": 1.5, "error": -1.5, "lease_expired_count": 28, "input_flux": 3.0}, "2020-07-31T19:56:56Z": {"expected_output_flux": 0.6666666666666666, "replicas": 1, "queue_size": 0, "real_output_flux": 3.0, "error": 0.0, "lease_expired_count": 22, "input_flux": 3.0}, "2020-07-31T19:53:38Z": {"expected_output_flux": 0.6666666666666666, "replicas": 1, "queue_size": 0, "real_output_flux": 3.5, "error": 0.5, "lease_expired_count": 0, "input_flux": 3.0}, "2020-07-31T19:59:00Z": {"expected_output_flux": 0.6666666666666666, "replicas": 1, "queue_size": 0, "real_output_flux": 3.5, "error": 0.5, "lease_expired_count": 28, "input_flux": 3.0}, "2020-07-31T19:57:39Z": {"expected_output_flux": 6.666666666666667, "replicas": 10, "queue_size": 24, "real_output_flux": 7.5, "error": 1.5, "lease_expired_count": 24, "input_flux": 6.0}, "2020-07-31T19:57:24Z": {"expected_output_flux": 6.666666666666667, "replicas": 10, "queue_size": 27, "real_output_flux": 1.0, "error": -2.0, "lease_expired_count": 23, "input_flux": 3.0}, "2020-07-31T19:55:11Z": {"expected_output_flux": 6.666666666666667, "replicas": 10, "queue_size": 11, "real_output_flux": 2.5, "error": -0.5, "lease_expired_count": 11, "input_flux": 3.0}, "2020-07-31T19:51:43Z": {"expected_output_flux": 0.6666666666666666, "replicas": 1, "queue_size": 5, "real_output_flux": 0.0, "error": -2.0, "lease_expired_count": 0, "input_flux": 2.0}, "2020-07-31T20:01:46Z": {"expected_output_flux": 6.666666666666667, "replicas": 10, "queue_size": 19, "real_output_flux": 2.5, "error": -0.5, "lease_expired_count": 42, "input_flux": 3.0}, "2020-07-31T19:58:11Z": {"expected_output_flux": 0.6666666666666666, "replicas": 1, "queue_size": 0, "real_output_flux": 3.0, "error": -0.5, "lease_expired_count": 26, "input_flux": 3.5}, "2020-07-31T20:00:18Z": {"expected_output_flux": 1.3333333333333333, "replicas": 2, "queue_size": 0, "real_output_flux": 2.5, "error": -0.5, "lease_expired_count": 34, "input_flux": 3.0}, "2020-07-31T19:52:04Z": {"expected_output_flux": 6.666666666666667, "replicas": 10, "queue_size": 29, "real_output_flux": 4.0, "error": 0.5, "lease_expired_count": 0, "input_flux": 3.5}, "2020-07-31T20:01:35Z": {"expected_output_flux": 2.0, "replicas": 3, "queue_size": 8, "real_output_flux": 1.0, "error": -2.0, "lease_expired_count": 42, "input_flux": 3.0}, "2020-07-31T19:56:14Z": {"expected_output_flux": 2.6666666666666665, "replicas": 4, "queue_size": 0, "real_output_flux": 3.5, "error": 0.5, "lease_expired_count": 18, "input_flux": 3.0}, "2020-07-31T19:59:37Z": {"expected_output_flux": 5.333333333333333, "replicas": 8, "queue_size": 19, "real_output_flux": 2.0, "error": -1.0, "lease_expired_count": 32, "input_flux": 3.0}, "2020-07-31T19:55:49Z": {"expected_output_flux": 3.3333333333333335, "replicas": 5, "queue_size": 0, "real_output_flux": 4.5, "error": 1.0, "lease_expired_count": 12, "input_flux": 3.5}, "2020-07-31T19:57:44Z": {"expected_output_flux": 5.333333333333333, "replicas": 8, "queue_size": 13, "real_output_flux": 12.0, "error": 5.5, "lease_expired_count": 24, "input_flux": 6.5}, "2020-07-31T19:55:27Z": {"expected_output_flux": 2.0, "replicas": 3, "queue_size": 0, "real_output_flux": 4.0, "error": 1.0, "lease_expired_count": 11, "input_flux": 3.0}, "2020-07-31T19:57:22Z": {"expected_output_flux": 5.333333333333333, "replicas": 8, "queue_size": 23, "real_output_flux": 1.0, "error": -2.5, "lease_expired_count": 23, "input_flux": 3.5}, "2020-07-31T19:54:39Z": {"expected_output_flux": 1.3333333333333333, "replicas": 2, "queue_size": 0, "real_output_flux": 3.5, "error": 0.0, "lease_expired_count": 6, "input_flux": 3.5}, "2020-07-31T19:52:21Z": {"expected_output_flux": 0.6666666666666666, "replicas": 1, "queue_size": 0, "real_output_flux": 3.5, "error": 0.0, "lease_expired_count": 0, "input_flux": 3.5}, "2020-07-31T19:59:24Z": {"expected_output_flux": 0.6666666666666666, "replicas": 1, "queue_size": 0, "real_output_flux": 3.0, "error": 0.0, "lease_expired_count": 32, "input_flux": 3.0}, "2020-07-31T19:58:20Z": {"expected_output_flux": 1.3333333333333333, "replicas": 2, "queue_size": 3, "real_output_flux": 1.5, "error": -2.0, "lease_expired_count": 28, "input_flux": 3.5}, "2020-07-31T19:57:47Z": {"expected_output_flux": 5.333333333333333, "replicas": 8, "queue_size": 3, "real_output_flux": 9.0, "error": 5.0, "lease_expired_count": 24, "input_flux": 4.0}, "2020-07-31T20:00:22Z": {"expected_output_flux": 2.0, "replicas": 3, "queue_size": 0, "real_output_flux": 3.5, "error": 0.0, "lease_expired_count": 34, "input_flux": 3.5}, "2020-07-31T19:55:05Z": {"expected_output_flux": 5.333333333333333, "replicas": 8, "queue_size": 7, "real_output_flux": 2.0, "error": -1.5, "lease_expired_count": 11, "input_flux": 3.5}, "2020-07-31T19:53:53Z": {"expected_output_flux": 4.666666666666667, "replicas": 7, "queue_size": 16, "real_output_flux": 1.0, "error": -2.5, "lease_expired_count": 6, "input_flux": 3.5}, "2020-07-31T19:56:32Z": {"expected_output_flux": 2.6666666666666665, "replicas": 4, "queue_size": 0, "real_output_flux": 3.0, "error": 0.0, "lease_expired_count": 18, "input_flux": 3.0}, "2020-07-31T19:56:05Z": {"expected_output_flux": 2.0, "replicas": 3, "queue_size": 0, "real_output_flux": 3.0, "error": 0.0, "lease_expired_count": 18, "input_flux": 3.0}, "2020-07-31T19:57:07Z": {"expected_output_flux": 0.6666666666666666, "replicas": 1, "queue_size": 0, "real_output_flux": 3.5, "error": 0.5, "lease_expired_count": 22, "input_flux": 3.0}, "2020-07-31T19:56:01Z": {"expected_output_flux": 2.6666666666666665, "replicas": 4, "queue_size": 2, "real_output_flux": 4.0, "error": 0.5, "lease_expired_count": 18, "input_flux": 3.5}, "2020-07-31T19:56:29Z": {"expected_output_flux": 2.6666666666666665, "replicas": 4, "queue_size": 0, "real_output_flux": 3.0, "error": 0.0, "lease_expired_count": 18, "input_flux": 3.0}, "2020-07-31T19:53:58Z": {"expected_output_flux": 6.666666666666667, "replicas": 10, "queue_size": 26, "real_output_flux": 1.0, "error": -2.5, "lease_expired_count": 6, "input_flux": 3.5}, "2020-07-31T20:03:10Z": {"expected_output_flux": 0.6666666666666666, "replicas": 1, "queue_size": 0, "real_output_flux": 0.0, "error": 0.0, "lease_expired_count": 51, "input_flux": 0.0}, "2020-07-31T19:57:16Z": {"expected_output_flux": 1.3333333333333333, "replicas": 2, "queue_size": 10, "real_output_flux": 1.0, "error": -2.5, "lease_expired_count": 22, "input_flux": 3.5}, "2020-07-31T19:52:32Z": {"expected_output_flux": 0.6666666666666666, "replicas": 1, "queue_size": 0, "real_output_flux": 3.0, "error": 0.0, "lease_expired_count": 0, "input_flux": 3.0}, "2020-07-31T19:57:18Z": {"expected_output_flux": 5.333333333333333, "replicas": 8, "queue_size": 14, "real_output_flux": 1.0, "error": -2.0, "lease_expired_count": 22, "input_flux": 3.0}, "2020-07-31T19:56:50Z": {"expected_output_flux": 0.6666666666666666, "replicas": 1, "queue_size": 0, "real_output_flux": 3.5, "error": 0.5, "lease_expired_count": 18, "input_flux": 3.0}, "2020-07-31T19:59:58Z": {"expected_output_flux": 6.666666666666667, "replicas": 10, "queue_size": 0, "real_output_flux": 6.5, "error": 3.5, "lease_expired_count": 32, "input_flux": 3.0}, "2020-07-31T19:53:09Z": {"expected_output_flux": 6.666666666666667, "replicas": 10, "queue_size": 27, "real_output_flux": 8.0, "error": 1.0, "lease_expired_count": 0, "input_flux": 7.0}, "2020-07-31T19:55:42Z": {"expected_output_flux": 3.3333333333333335, "replicas": 5, "queue_size": 0, "real_output_flux": 4.0, "error": 0.5, "lease_expired_count": 11, "input_flux": 3.5}, "2020-07-31T19:59:30Z": {"expected_output_flux": 3.3333333333333335, "replicas": 5, "queue_size": 11, "real_output_flux": 2.0, "error": -1.5, "lease_expired_count": 32, "input_flux": 3.5}, "2020-07-31T19:55:01Z": {"expected_output_flux": 4.0, "replicas": 6, "queue_size": 5, "real_output_flux": 2.0, "error": -1.0, "lease_expired_count": 11, "input_flux": 3.0}, "2020-07-31T19:54:17Z": {"expected_output_flux": 6.0, "replicas": 9, "queue_size": 29, "real_output_flux": 4.5, "error": 1.0, "lease_expired_count": 6, "input_flux": 3.5}, "2020-07-31T19:53:05Z": {"expected_output_flux": 6.666666666666667, "replicas": 10, "queue_size": 30, "real_output_flux": 3.0, "error": 0.0, "lease_expired_count": 0, "input_flux": 3.0}, "2020-07-31T19:55:09Z": {"expected_output_flux": 6.666666666666667, "replicas": 10, "queue_size": 9, "real_output_flux": 2.5, "error": -0.5, "lease_expired_count": 11, "input_flux": 3.0}, "2020-07-31T19:57:55Z": {"expected_output_flux": 0.6666666666666666, "replicas": 1, "queue_size": 0, "real_output_flux": 3.5, "error": 0.0, "lease_expired_count": 25, "input_flux": 3.5}, "2020-07-31T19:59:43Z": {"expected_output_flux": 6.666666666666667, "replicas": 10, "queue_size": 19, "real_output_flux": 3.0, "error": -2.0, "lease_expired_count": 32, "input_flux": 5.0}, "2020-07-31T19:55:25Z": {"expected_output_flux": 1.3333333333333333, "replicas": 2, "queue_size": 0, "real_output_flux": 3.0, "error": -0.5, "lease_expired_count": 11, "input_flux": 3.5}, "2020-07-31T19:55:23Z": {"expected_output_flux": 1.3333333333333333, "replicas": 2, "queue_size": 0, "real_output_flux": 3.5, "error": 0.5, "lease_expired_count": 11, "input_flux": 3.0}, "2020-07-31T19:58:53Z": {"expected_output_flux": 4.666666666666667, "replicas": 7, "queue_size": 0, "real_output_flux": 5.5, "error": 2.5, "lease_expired_count": 28, "input_flux": 3.0}, "2020-07-31T19:56:25Z": {"expected_output_flux": 2.6666666666666665, "replicas": 4, "queue_size": 0, "real_output_flux": 3.0, "error": 0.0, "lease_expired_count": 18, "input_flux": 3.0}, "2020-07-31T19:52:49Z": {"expected_output_flux": 0.6666666666666666, "replicas": 1, "queue_size": 10, "real_output_flux": 0.5, "error": -2.5, "lease_expired_count": 0, "input_flux": 3.0}, "2020-07-31T19:58:42Z": {"expected_output_flux": 6.666666666666667, "replicas": 10, "queue_size": 19, "real_output_flux": 4.5, "error": 1.5, "lease_expired_count": 28, "input_flux": 3.0}, "2020-07-31T19:54:02Z": {"expected_output_flux": 6.666666666666667, "replicas": 10, "queue_size": 32, "real_output_flux": 1.0, "error": -2.5, "lease_expired_count": 6, "input_flux": 3.5}, "2020-07-31T19:53:47Z": {"expected_output_flux": 0.6666666666666666, "replicas": 1, "queue_size": 2, "real_output_flux": 3.0, "error": 0.0, "lease_expired_count": 6, "input_flux": 3.0}, "2020-07-31T20:01:13Z": {"expected_output_flux": 0.6666666666666666, "replicas": 1, "queue_size": 0, "real_output_flux": 3.5, "error": 0.5, "lease_expired_count": 38, "input_flux": 3.0}, "2020-07-31T20:01:10Z": {"expected_output_flux": 0.6666666666666666, "replicas": 1, "queue_size": 0, "real_output_flux": 3.0, "error": -0.5, "lease_expired_count": 38, "input_flux": 3.5}, "2020-07-31T19:52:47Z": {"expected_output_flux": 0.6666666666666666, "replicas": 1, "queue_size": 5, "real_output_flux": 1.0, "error": -2.0, "lease_expired_count": 0, "input_flux": 3.0}, "2020-07-31T19:59:26Z": {"expected_output_flux": 0.6666666666666666, "replicas": 1, "queue_size": 5, "real_output_flux": 0.5, "error": -3.0, "lease_expired_count": 32, "input_flux": 3.5}, "2020-07-31T19:55:03Z": {"expected_output_flux": 5.333333333333333, "replicas": 8, "queue_size": 6, "real_output_flux": 3.0, "error": 0.0, "lease_expired_count": 11, "input_flux": 3.0}, "2020-07-31T19:57:05Z": {"expected_output_flux": 0.6666666666666666, "replicas": 1, "queue_size": 0, "real_output_flux": 3.0, "error": -0.5, "lease_expired_count": 22, "input_flux": 3.5}, "2020-07-31T19:56:47Z": {"expected_output_flux": 0.6666666666666666, "replicas": 1, "queue_size": 0, "real_output_flux": 3.0, "error": -0.5, "lease_expired_count": 18, "input_flux": 3.5}, "2020-07-31T20:02:44Z": {"expected_output_flux": 0.6666666666666666, "replicas": 1, "queue_size": 0, "real_output_flux": 0.0, "error": 0.0, "lease_expired_count": 50, "input_flux": 0.0}, "2020-07-31T19:55:21Z": {"expected_output_flux": 5.333333333333333, "replicas": 8, "queue_size": 0, "real_output_flux": 5.5, "error": 2.5, "lease_expired_count": 11, "input_flux": 3.0}, "2020-07-31T20:03:27Z": {"expected_output_flux": 0.6666666666666666, "replicas": 1, "queue_size": 0, "real_output_flux": 0.0, "error": 0.0, "lease_expired_count": 51, "input_flux": 0.0}, "2020-07-31T20:00:59Z": {"expected_output_flux": 5.333333333333333, "replicas": 8, "queue_size": 3, "real_output_flux": 7.0, "error": 3.5, "lease_expired_count": 38, "input_flux": 3.5}, "2020-07-31T19:58:40Z": {"expected_output_flux": 6.666666666666667, "replicas": 10, "queue_size": 23, "real_output_flux": 2.0, "error": 0.0, "lease_expired_count": 28, "input_flux": 2.0}, "2020-07-31T19:52:12Z": {"expected_output_flux": 3.3333333333333335, "replicas": 5, "queue_size": 11, "real_output_flux": 6.5, "error": 3.0, "lease_expired_count": 0, "input_flux": 3.5}, "2020-07-31T19:52:25Z": {"expected_output_flux": 0.6666666666666666, "replicas": 1, "queue_size": 0, "real_output_flux": 3.0, "error": -0.5, "lease_expired_count": 0, "input_flux": 3.5}, "2020-07-31T20:02:42Z": {"expected_output_flux": 0.6666666666666666, "replicas": 1, "queue_size": 0, "real_output_flux": 0.0, "error": 0.0, "lease_expired_count": 50, "input_flux": 0.0}, "2020-07-31T19:58:09Z": {"expected_output_flux": 0.6666666666666666, "replicas": 1, "queue_size": 0, "real_output_flux": 4.0, "error": 0.5, "lease_expired_count": 26, "input_flux": 3.5}, "2020-07-31T20:00:31Z": {"expected_output_flux": 0.6666666666666666, "replicas": 1, "queue_size": 2, "real_output_flux": 1.5, "error": -2.0, "lease_expired_count": 37, "input_flux": 3.5}, "2020-07-31T20:00:04Z": {"expected_output_flux": 1.3333333333333333, "replicas": 2, "queue_size": 0, "real_output_flux": 3.5, "error": 0.5, "lease_expired_count": 32, "input_flux": 3.0}, "2020-07-31T19:55:38Z": {"expected_output_flux": 3.3333333333333335, "replicas": 5, "queue_size": 0, "real_output_flux": 2.5, "error": -0.5, "lease_expired_count": 11, "input_flux": 3.0}, "2020-07-31T19:56:36Z": {"expected_output_flux": 2.6666666666666665, "replicas": 4, "queue_size": 0, "real_output_flux": 3.5, "error": 0.5, "lease_expired_count": 18, "input_flux": 3.0}, "2020-07-31T19:53:00Z": {"expected_output_flux": 6.666666666666667, "replicas": 10, "queue_size": 29, "real_output_flux": 0.5, "error": -3.0, "lease_expired_count": 0, "input_flux": 3.5}, "2020-07-31T19:54:21Z": {"expected_output_flux": 2.0, "replicas": 3, "queue_size": 14, "real_output_flux": 8.0, "error": 5.0, "lease_expired_count": 6, "input_flux": 3.0}, "2020-07-31T20:01:06Z": {"expected_output_flux": 0.6666666666666666, "replicas": 1, "queue_size": 0, "real_output_flux": 4.0, "error": 0.5, "lease_expired_count": 38, "input_flux": 3.5}, "2020-07-31T19:52:45Z": {"expected_output_flux": 0.6666666666666666, "replicas": 1, "queue_size": 1, "real_output_flux": 2.5, "error": -1.0, "lease_expired_count": 0, "input_flux": 3.5}, "2020-07-31T20:00:37Z": {"expected_output_flux": 3.3333333333333335, "replicas": 5, "queue_size": 11, "real_output_flux": 1.5, "error": -1.5, "lease_expired_count": 37, "input_flux": 3.0}, "2020-07-31T19:59:22Z": {"expected_output_flux": 0.6666666666666666, "replicas": 1, "queue_size": 0, "real_output_flux": 3.5, "error": 0.0, "lease_expired_count": 32, "input_flux": 3.5}, "2020-07-31T20:02:38Z": {"expected_output_flux": 0.6666666666666666, "replicas": 1, "queue_size": 0, "real_output_flux": 0.0, "error": 0.0, "lease_expired_count": 50, "input_flux": 0.0}, "2020-07-31T19:58:36Z": {"expected_output_flux": 6.666666666666667, "replicas": 10, "queue_size": 28, "real_output_flux": 1.5, "error": -1.0, "lease_expired_count": 28, "input_flux": 2.5}, "2020-07-31T20:01:57Z": {"expected_output_flux": 6.0, "replicas": 9, "queue_size": 13, "real_output_flux": 5.5, "error": 1.0, "lease_expired_count": 43, "input_flux": 4.5}, "2020-07-31T19:58:18Z": {"expected_output_flux": 1.3333333333333333, "replicas": 2, "queue_size": 0, "real_output_flux": 3.0, "error": 0.0, "lease_expired_count": 28, "input_flux": 3.0}, "2020-07-31T19:55:07Z": {"expected_output_flux": 6.666666666666667, "replicas": 10, "queue_size": 9, "real_output_flux": 1.5, "error": -1.5, "lease_expired_count": 11, "input_flux": 3.0}, "2020-07-31T19:54:52Z": {"expected_output_flux": 2.6666666666666665, "replicas": 4, "queue_size": 0, "real_output_flux": 2.0, "error": -1.5, "lease_expired_count": 11, "input_flux": 3.5}, "2020-07-31T19:56:09Z": {"expected_output_flux": 2.0, "replicas": 3, "queue_size": 0, "real_output_flux": 3.0, "error": 0.0, "lease_expired_count": 18, "input_flux": 3.0}, "2020-07-31T20:01:39Z": {"expected_output_flux": 5.333333333333333, "replicas": 8, "queue_size": 15, "real_output_flux": 1.0, "error": -2.0, "lease_expired_count": 42, "input_flux": 3.0}, "2020-07-31T19:52:08Z": {"expected_output_flux": 6.666666666666667, "replicas": 10, "queue_size": 24, "real_output_flux": 5.5, "error": 2.5, "lease_expired_count": 0, "input_flux": 3.0}, "2020-07-31T19:54:14Z": {"expected_output_flux": 6.666666666666667, "replicas": 10, "queue_size": 30, "real_output_flux": 6.0, "error": 1.0, "lease_expired_count": 6, "input_flux": 5.0}, "2020-07-31T19:53:02Z": {"expected_output_flux": 6.666666666666667, "replicas": 10, "queue_size": 32, "real_output_flux": 1.0, "error": -2.0, "lease_expired_count": 0, "input_flux": 3.0}, "2020-07-31T20:02:16Z": {"expected_output_flux": 0.6666666666666666, "replicas": 1, "queue_size": 0, "real_output_flux": 0.5, "error": 0.5, "lease_expired_count": 43, "input_flux": 0.0}, "2020-07-31T19:51:50Z": {"expected_output_flux": 6.666666666666667, "replicas": 10, "queue_size": 24, "real_output_flux": 0.0, "error": -3.0, "lease_expired_count": 0, "input_flux": 3.0}, "2020-07-31T19:54:05Z": {"expected_output_flux": 6.666666666666667, "replicas": 10, "queue_size": 33, "real_output_flux": 2.5, "error": -1.0, "lease_expired_count": 6, "input_flux": 3.5}, "2020-07-31T20:00:39Z": {"expected_output_flux": 3.3333333333333335, "replicas": 5, "queue_size": 15, "real_output_flux": 1.5, "error": -2.0, "lease_expired_count": 37, "input_flux": 3.5}, "2020-07-31T19:53:27Z": {"expected_output_flux": 0.6666666666666666, "replicas": 1, "queue_size": 0, "real_output_flux": 3.5, "error": 0.0, "lease_expired_count": 0, "input_flux": 3.5}, "2020-07-31T19:57:09Z": {"expected_output_flux": 0.6666666666666666, "replicas": 1, "queue_size": 1, "real_output_flux": 2.5, "error": -1.0, "lease_expired_count": 22, "input_flux": 3.5}, "2020-07-31T20:03:08Z": {"expected_output_flux": 0.6666666666666666, "replicas": 1, "queue_size": 0, "real_output_flux": 0.0, "error": 0.0, "lease_expired_count": 51, "input_flux": 0.0}, "2020-07-31T19:55:59Z": {"expected_output_flux": 2.6666666666666665, "replicas": 4, "queue_size": 2, "real_output_flux": 3.5, "error": 0.5, "lease_expired_count": 18, "input_flux": 3.0}, "2020-07-31T19:58:38Z": {"expected_output_flux": 6.666666666666667, "replicas": 10, "queue_size": 24, "real_output_flux": 1.0, "error": -1.0, "lease_expired_count": 28, "input_flux": 2.0}, "2020-07-31T20:00:33Z": {"expected_output_flux": 0.6666666666666666, "replicas": 1, "queue_size": 5, "real_output_flux": 1.5, "error": -1.5, "lease_expired_count": 37, "input_flux": 3.0}, "2020-07-31T20:03:23Z": {"expected_output_flux": 0.6666666666666666, "replicas": 1, "queue_size": 0, "real_output_flux": 0.0, "error": 0.0, "lease_expired_count": 51, "input_flux": 0.0}, "2020-07-31T20:02:07Z": {"expected_output_flux": 0.6666666666666666, "replicas": 1, "queue_size": 0, "real_output_flux": 4.0, "error": 0.0, "lease_expired_count": 43, "input_flux": 4.0}, "2020-07-31T19:55:40Z": {"expected_output_flux": 3.3333333333333335, "replicas": 5, "queue_size": 0, "real_output_flux": 3.0, "error": 0.0, "lease_expired_count": 11, "input_flux": 3.0}, "2020-07-31T19:58:31Z": {"expected_output_flux": 6.666666666666667, "replicas": 10, "queue_size": 24, "real_output_flux": 1.0, "error": -2.0, "lease_expired_count": 28, "input_flux": 3.0}, "2020-07-31T19:56:38Z": {"expected_output_flux": 2.0, "replicas": 3, "queue_size": 0, "real_output_flux": 3.5, "error": 0.0, "lease_expired_count": 18, "input_flux": 3.5}, "2020-07-31T19:56:16Z": {"expected_output_flux": 2.6666666666666665, "replicas": 4, "queue_size": 0, "real_output_flux": 3.0, "error": -0.5, "lease_expired_count": 18, "input_flux": 3.5}, "2020-07-31T20:00:44Z": {"expected_output_flux": 6.666666666666667, "replicas": 10, "queue_size": 19, "real_output_flux": 2.0, "error": -1.5, "lease_expired_count": 38, "input_flux": 3.5}, "2020-07-31T20:03:12Z": {"expected_output_flux": 0.6666666666666666, "replicas": 1, "queue_size": 0, "real_output_flux": 0.0, "error": 0.0, "lease_expired_count": 51, "input_flux": 0.0}, "2020-07-31T20:00:07Z": {"expected_output_flux": 1.3333333333333333, "replicas": 2, "queue_size": 0, "real_output_flux": 3.5, "error": 0.0, "lease_expired_count": 32, "input_flux": 3.5}, "2020-07-31T19:59:02Z": {"expected_output_flux": 0.6666666666666666, "replicas": 1, "queue_size": 0, "real_output_flux": 3.0, "error": -0.5, "lease_expired_count": 28, "input_flux": 3.5}, "2020-07-31T19:52:10Z": {"expected_output_flux": 3.3333333333333335, "replicas": 5, "queue_size": 18, "real_output_flux": 5.5, "error": 2.5, "lease_expired_count": 0, "input_flux": 3.0}, "2020-07-31T20:00:11Z": {"expected_output_flux": 1.3333333333333333, "replicas": 2, "queue_size": 0, "real_output_flux": 3.5, "error": 0.0, "lease_expired_count": 32, "input_flux": 3.5}, "2020-07-31T19:57:29Z": {"expected_output_flux": 6.666666666666667, "replicas": 10, "queue_size": 29, "real_output_flux": 1.0, "error": -0.5, "lease_expired_count": 23, "input_flux": 1.5}, "2020-07-31T19:57:13Z": {"expected_output_flux": 1.3333333333333333, "replicas": 2, "queue_size": 5, "real_output_flux": 1.5, "error": -1.5, "lease_expired_count": 22, "input_flux": 3.0}, "2020-07-31T20:01:15Z": {"expected_output_flux": 0.6666666666666666, "replicas": 1, "queue_size": 0, "real_output_flux": 3.0, "error": -0.5, "lease_expired_count": 38, "input_flux": 3.5}, "2020-07-31T19:57:49Z": {"expected_output_flux": 0.6666666666666666, "replicas": 1, "queue_size": 0, "real_output_flux": 7.5, "error": 4.5, "lease_expired_count": 24, "input_flux": 3.0}, "2020-07-31T19:56:19Z": {"expected_output_flux": 3.3333333333333335, "replicas": 5, "queue_size": 0, "real_output_flux": 4.0, "error": 0.0, "lease_expired_count": 18, "input_flux": 4.0}, "2020-07-31T19:59:15Z": {"expected_output_flux": 0.6666666666666666, "replicas": 1, "queue_size": 0, "real_output_flux": 2.0, "error": -1.5, "lease_expired_count": 28, "input_flux": 3.5}, "2020-07-31T19:52:41Z": {"expected_output_flux": 0.6666666666666666, "replicas": 1, "queue_size": 0, "real_output_flux": 1.5, "error": -1.5, "lease_expired_count": 0, "input_flux": 3.0}, "2020-07-31T19:51:46Z": {"expected_output_flux": 4.0, "replicas": 6, "queue_size": 12, "real_output_flux": 0.0, "error": -3.5, "lease_expired_count": 0, "input_flux": 3.5}, "2020-07-31T20:03:34Z": {"expected_output_flux": 0.6666666666666666, "replicas": 1, "queue_size": 0, "real_output_flux": 0.0, "error": 0.0, "lease_expired_count": 54, "input_flux": 0.0}, "2020-07-31T20:02:59Z": {"expected_output_flux": 0.6666666666666666, "replicas": 1, "queue_size": 0, "real_output_flux": 0.0, "error": 0.0, "lease_expired_count": 51, "input_flux": 0.0}, "2020-07-31T20:01:50Z": {"expected_output_flux": 6.666666666666667, "replicas": 10, "queue_size": 19, "real_output_flux": 2.5, "error": -0.5, "lease_expired_count": 42, "input_flux": 3.0}, "2020-07-31T19:54:45Z": {"expected_output_flux": 1.3333333333333333, "replicas": 2, "queue_size": 0, "real_output_flux": 3.0, "error": -0.5, "lease_expired_count": 9, "input_flux": 3.5}, "2020-07-31T20:01:21Z": {"expected_output_flux": 1.3333333333333333, "replicas": 2, "queue_size": 0, "real_output_flux": 3.0, "error": -0.5, "lease_expired_count": 38, "input_flux": 3.5}, "2020-07-31T19:52:34Z": {"expected_output_flux": 0.6666666666666666, "replicas": 1, "queue_size": 0, "real_output_flux": 3.5, "error": 0.5, "lease_expired_count": 0, "input_flux": 3.0}, "2020-07-31T19:59:28Z": {"expected_output_flux": 0.6666666666666666, "replicas": 1, "queue_size": 8, "real_output_flux": 1.5, "error": -1.5, "lease_expired_count": 32, "input_flux": 3.0}, "2020-07-31T20:00:29Z": {"expected_output_flux": 0.6666666666666666, "replicas": 1, "queue_size": 0, "real_output_flux": 3.5, "error": 0.5, "lease_expired_count": 37, "input_flux": 3.0}, "2020-07-31T20:02:55Z": {"expected_output_flux": 0.6666666666666666, "replicas": 1, "queue_size": 0, "real_output_flux": 0.0, "error": 0.0, "lease_expired_count": 50, "input_flux": 0.0}, "2020-07-31T19:57:03Z": {"expected_output_flux": 0.6666666666666666, "replicas": 1, "queue_size": 0, "real_output_flux": 3.0, "error": 0.0, "lease_expired_count": 22, "input_flux": 3.0}, "2020-07-31T20:00:42Z": {"expected_output_flux": 6.666666666666667, "replicas": 10, "queue_size": 17, "real_output_flux": 2.0, "error": -1.0, "lease_expired_count": 37, "input_flux": 3.0}, "2020-07-31T19:57:20Z": {"expected_output_flux": 5.333333333333333, "replicas": 8, "queue_size": 18, "real_output_flux": 1.0, "error": -2.0, "lease_expired_count": 22, "input_flux": 3.0}, "2020-07-31T19:53:20Z": {"expected_output_flux": 0.6666666666666666, "replicas": 1, "queue_size": 0, "real_output_flux": 7.5, "error": 4.5, "lease_expired_count": 0, "input_flux": 3.0}, "2020-07-31T19:59:13Z": {"expected_output_flux": 1.3333333333333333, "replicas": 2, "queue_size": 0, "real_output_flux": 3.5, "error": 0.5, "lease_expired_count": 28, "input_flux": 3.0}, "2020-07-31T20:02:40Z": {"expected_output_flux": 0.6666666666666666, "replicas": 1, "queue_size": 0, "real_output_flux": 0.0, "error": 0.0, "lease_expired_count": 50, "input_flux": 0.0}, "2020-07-31T20:03:02Z": {"expected_output_flux": 0.6666666666666666, "replicas": 1, "queue_size": 0, "real_output_flux": 0.0, "error": 0.0, "lease_expired_count": 51, "input_flux": 0.0}, "2020-07-31T19:55:29Z": {"expected_output_flux": 2.0, "replicas": 3, "queue_size": 0, "real_output_flux": 2.5, "error": -0.5, "lease_expired_count": 11, "input_flux": 3.0}, "2020-07-31T19:54:19Z": {"expected_output_flux": 6.0, "replicas": 9, "queue_size": 23, "real_output_flux": 6.0, "error": 2.5, "lease_expired_count": 6, "input_flux": 3.5}, "2020-07-31T19:58:58Z": {"expected_output_flux": 0.6666666666666666, "replicas": 1, "queue_size": 0, "real_output_flux": 3.0, "error": 0.0, "lease_expired_count": 28, "input_flux": 3.0}, "2020-07-31T19:54:25Z": {"expected_output_flux": 2.0, "replicas": 3, "queue_size": 0, "real_output_flux": 7.5, "error": 4.0, "lease_expired_count": 6, "input_flux": 3.5}, "2020-07-31T19:52:43Z": {"expected_output_flux": 0.6666666666666666, "replicas": 1, "queue_size": 0, "real_output_flux": 3.5, "error": 0.0, "lease_expired_count": 0, "input_flux": 3.5}, "2020-07-31T19:53:36Z": {"expected_output_flux": 0.6666666666666666, "replicas": 1, "queue_size": 1, "real_output_flux": 3.0, "error": -0.5, "lease_expired_count": 0, "input_flux": 3.5}, "2020-07-31T19:52:14Z": {"expected_output_flux": 3.3333333333333335, "replicas": 5, "queue_size": 0, "real_output_flux": 10.0, "error": 7.0, "lease_expired_count": 0, "input_flux": 3.0}, "2020-07-31T19:58:15Z": {"expected_output_flux": 1.3333333333333333, "replicas": 2, "queue_size": 0, "real_output_flux": 3.5, "error": 0.0, "lease_expired_count": 28, "input_flux": 3.5}, "2020-07-31T20:03:06Z": {"expected_output_flux": 0.6666666666666666, "replicas": 1, "queue_size": 0, "real_output_flux": 0.0, "error": 0.0, "lease_expired_count": 51, "input_flux": 0.0}, "2020-07-31T19:52:36Z": {"expected_output_flux": 0.6666666666666666, "replicas": 1, "queue_size": 0, "real_output_flux": 3.0, "error": -0.5, "lease_expired_count": 0, "input_flux": 3.5}, "2020-07-31T19:52:52Z": {"expected_output_flux": 4.666666666666667, "replicas": 7, "queue_size": 15, "real_output_flux": 1.0, "error": -2.5, "lease_expired_count": 0, "input_flux": 3.5}, "2020-07-31T19:51:59Z": {"expected_output_flux": 6.666666666666667, "replicas": 10, "queue_size": 31, "real_output_flux": 2.0, "error": -1.0, "lease_expired_count": 0, "input_flux": 3.0}, "2020-07-31T19:53:51Z": {"expected_output_flux": 4.666666666666667, "replicas": 7, "queue_size": 11, "real_output_flux": 1.0, "error": -2.0, "lease_expired_count": 6, "input_flux": 3.0}, "2020-07-31T20:02:29Z": {"expected_output_flux": 0.6666666666666666, "replicas": 1, "queue_size": 0, "real_output_flux": 0.0, "error": 0.0, "lease_expired_count": 44, "input_flux": 0.0}, "2020-07-31T20:02:00Z": {"expected_output_flux": 6.0, "replicas": 9, "queue_size": 6, "real_output_flux": 6.5, "error": 3.5, "lease_expired_count": 43, "input_flux": 3.0}, "2020-07-31T19:54:34Z": {"expected_output_flux": 1.3333333333333333, "replicas": 2, "queue_size": 0, "real_output_flux": 3.5, "error": 0.0, "lease_expired_count": 6, "input_flux": 3.5}, "2020-07-31T20:02:11Z": {"expected_output_flux": 0.6666666666666666, "replicas": 1, "queue_size": 0, "real_output_flux": 3.0, "error": -0.5, "lease_expired_count": 43, "input_flux": 3.5}, "2020-07-31T19:57:00Z": {"expected_output_flux": 0.6666666666666666, "replicas": 1, "queue_size": 0, "real_output_flux": 3.5, "error": 0.5, "lease_expired_count": 22, "input_flux": 3.0}, "2020-07-31T20:01:37Z": {"expected_output_flux": 5.333333333333333, "replicas": 8, "queue_size": 12, "real_output_flux": 2.0, "error": -1.5, "lease_expired_count": 42, "input_flux": 3.5}, "2020-07-31T20:01:41Z": {"expected_output_flux": 6.666666666666667, "replicas": 10, "queue_size": 17, "real_output_flux": 2.0, "error": -1.5, "lease_expired_count": 42, "input_flux": 3.5}, "2020-07-31T19:51:54Z": {"expected_output_flux": 6.666666666666667, "replicas": 10, "queue_size": 31, "real_output_flux": 0.0, "error": -2.5, "lease_expired_count": 0, "input_flux": 2.5}, "2020-07-31T19:54:32Z": {"expected_output_flux": 1.3333333333333333, "replicas": 2, "queue_size": 0, "real_output_flux": 3.0, "error": 0.0, "lease_expired_count": 6, "input_flux": 3.0}, "2020-07-31T20:01:17Z": {"expected_output_flux": 1.3333333333333333, "replicas": 2, "queue_size": 0, "real_output_flux": 3.5, "error": 0.5, "lease_expired_count": 38, "input_flux": 3.0}, "2020-07-31T19:54:54Z": {"expected_output_flux": 2.6666666666666665, "replicas": 4, "queue_size": 1, "real_output_flux": 2.5, "error": -1.0, "lease_expired_count": 11, "input_flux": 3.5}, "2020-07-31T20:00:24Z": {"expected_output_flux": 2.0, "replicas": 3, "queue_size": 0, "real_output_flux": 4.0, "error": 1.0, "lease_expired_count": 37, "input_flux": 3.0}, "2020-07-31T20:03:19Z": {"expected_output_flux": 0.6666666666666666, "replicas": 1, "queue_size": 0, "real_output_flux": 0.0, "error": 0.0, "lease_expired_count": 51, "input_flux": 0.0}, "2020-07-31T19:55:44Z": {"expected_output_flux": 3.3333333333333335, "replicas": 5, "queue_size": 0, "real_output_flux": 3.0, "error": 0.0, "lease_expired_count": 11, "input_flux": 3.0}, "2020-07-31T20:02:57Z": {"expected_output_flux": 0.6666666666666666, "replicas": 1, "queue_size": 0, "real_output_flux": 0.5, "error": 0.5, "lease_expired_count": 51, "input_flux": 0.0}, "2020-07-31T19:56:27Z": {"expected_output_flux": 2.6666666666666665, "replicas": 4, "queue_size": 0, "real_output_flux": 2.5, "error": -1.0, "lease_expired_count": 18, "input_flux": 3.5}, "2020-07-31T19:55:16Z": {"expected_output_flux": 6.666666666666667, "replicas": 10, "queue_size": 7, "real_output_flux": 3.0, "error": 1.0, "lease_expired_count": 11, "input_flux": 2.0}, "2020-07-31T19:52:19Z": {"expected_output_flux": 0.6666666666666666, "replicas": 1, "queue_size": 0, "real_output_flux": 3.0, "error": 0.0, "lease_expired_count": 0, "input_flux": 3.0}, "2020-07-31T19:53:22Z": {"expected_output_flux": 0.6666666666666666, "replicas": 1, "queue_size": 0, "real_output_flux": 3.5, "error": 0.0, "lease_expired_count": 0, "input_flux": 3.5}, "2020-07-31T19:52:01Z": {"expected_output_flux": 6.666666666666667, "replicas": 10, "queue_size": 30, "real_output_flux": 1.5, "error": 0.0, "lease_expired_count": 0, "input_flux": 1.5}, "2020-07-31T20:03:21Z": {"expected_output_flux": 0.6666666666666666, "replicas": 1, "queue_size": 0, "real_output_flux": 0.0, "error": 0.0, "lease_expired_count": 51, "input_flux": 0.0}, "2020-07-31T19:53:55Z": {"expected_output_flux": 4.666666666666667, "replicas": 7, "queue_size": 21, "real_output_flux": 0.5, "error": -2.5, "lease_expired_count": 6, "input_flux": 3.0}, "2020-07-31T19:57:53Z": {"expected_output_flux": 0.6666666666666666, "replicas": 1, "queue_size": 0, "real_output_flux": 3.5, "error": 0.5, "lease_expired_count": 24, "input_flux": 3.0}, "2020-07-31T20:02:20Z": {"expected_output_flux": 0.6666666666666666, "replicas": 1, "queue_size": 0, "real_output_flux": 0.0, "error": 0.0, "lease_expired_count": 43, "input_flux": 0.0}, "2020-07-31T20:03:25Z": {"expected_output_flux": 0.6666666666666666, "replicas": 1, "queue_size": 0, "real_output_flux": 0.0, "error": 0.0, "lease_expired_count": 51, "input_flux": 0.0}, "2020-07-31T19:57:58Z": {"expected_output_flux": 0.6666666666666666, "replicas": 1, "queue_size": 0, "real_output_flux": 3.0, "error": 0.0, "lease_expired_count": 25, "input_flux": 3.0}, "2020-07-31T19:56:21Z": {"expected_output_flux": 3.3333333333333335, "replicas": 5, "queue_size": 0, "real_output_flux": 3.5, "error": 0.5, "lease_expired_count": 18, "input_flux": 3.0}, "2020-07-31T19:58:00Z": {"expected_output_flux": 0.6666666666666666, "replicas": 1, "queue_size": 0, "real_output_flux": 3.5, "error": 0.0, "lease_expired_count": 25, "input_flux": 3.5}, "2020-07-31T19:53:49Z": {"expected_output_flux": 0.6666666666666666, "replicas": 1, "queue_size": 7, "real_output_flux": 1.0, "error": -2.5, "lease_expired_count": 6, "input_flux": 3.5}, "2020-07-31T19:56:23Z": {"expected_output_flux": 2.6666666666666665, "replicas": 4, "queue_size": 0, "real_output_flux": 2.5, "error": -0.5, "lease_expired_count": 18, "input_flux": 3.0}, "2020-07-31T20:01:30Z": {"expected_output_flux": 2.0, "replicas": 3, "queue_size": 0, "real_output_flux": 3.5, "error": 0.5, "lease_expired_count": 42, "input_flux": 3.0}, "2020-07-31T20:02:51Z": {"expected_output_flux": 0.6666666666666666, "replicas": 1, "queue_size": 0, "real_output_flux": 0.0, "error": 0.0, "lease_expired_count": 50, "input_flux": 0.0}, "2020-07-31T20:01:19Z": {"expected_output_flux": 1.3333333333333333, "replicas": 2, "queue_size": 0, "real_output_flux": 3.0, "error": 0.0, "lease_expired_count": 38, "input_flux": 3.0}, "2020-07-31T20:01:26Z": {"expected_output_flux": 0.6666666666666666, "replicas": 1, "queue_size": 0, "real_output_flux": 2.5, "error": -0.5, "lease_expired_count": 38, "input_flux": 3.0}, "2020-07-31T19:53:42Z": {"expected_output_flux": 0.6666666666666666, "replicas": 1, "queue_size": 0, "real_output_flux": 3.5, "error": 0.5, "lease_expired_count": 3, "input_flux": 3.0}, "2020-07-31T19:58:29Z": {"expected_output_flux": 6.666666666666667, "replicas": 10, "queue_size": 20, "real_output_flux": 1.0, "error": -2.5, "lease_expired_count": 28, "input_flux": 3.5}, "2020-07-31T19:54:23Z": {"expected_output_flux": 2.0, "replicas": 3, "queue_size": 2, "real_output_flux": 8.5, "error": 5.5, "lease_expired_count": 6, "input_flux": 3.0}, "2020-07-31T19:57:51Z": {"expected_output_flux": 0.6666666666666666, "replicas": 1, "queue_size": 0, "real_output_flux": 3.5, "error": 0.0, "lease_expired_count": 24, "input_flux": 3.5}, "2020-07-31T19:51:52Z": {"expected_output_flux": 6.666666666666667, "replicas": 10, "queue_size": 29, "real_output_flux": 0.0, "error": -3.5, "lease_expired_count": 0, "input_flux": 3.5}, "2020-07-31T19:53:31Z": {"expected_output_flux": 0.6666666666666666, "replicas": 1, "queue_size": 0, "real_output_flux": 3.0, "error": -0.5, "lease_expired_count": 0, "input_flux": 3.5}, "2020-07-31T20:02:23Z": {"expected_output_flux": 0.6666666666666666, "replicas": 1, "queue_size": 0, "real_output_flux": 0.0, "error": 0.0, "lease_expired_count": 43, "input_flux": 0.0}, "2020-07-31T19:59:56Z": {"expected_output_flux": 6.666666666666667, "replicas": 10, "queue_size": 5, "real_output_flux": 4.5, "error": 1.5, "lease_expired_count": 32, "input_flux": 3.0}, "2020-07-31T20:00:54Z": {"expected_output_flux": 6.666666666666667, "replicas": 10, "queue_size": 12, "real_output_flux": 6.5, "error": 1.5, "lease_expired_count": 38, "input_flux": 5.0}, "2020-07-31T19:53:16Z": {"expected_output_flux": 0.6666666666666666, "replicas": 1, "queue_size": 10, "real_output_flux": 6.5, "error": 3.5, "lease_expired_count": 0, "input_flux": 3.0}, "2020-07-31T20:00:02Z": {"expected_output_flux": 0.6666666666666666, "replicas": 1, "queue_size": 0, "real_output_flux": 3.0, "error": -0.5, "lease_expired_count": 32, "input_flux": 3.5}, "2020-07-31T19:55:56Z": {"expected_output_flux": 2.6666666666666665, "replicas": 4, "queue_size": 3, "real_output_flux": 3.5, "error": 0.0, "lease_expired_count": 18, "input_flux": 3.5}, "2020-07-31T19:59:09Z": {"expected_output_flux": 1.3333333333333333, "replicas": 2, "queue_size": 0, "real_output_flux": 3.5, "error": 0.0, "lease_expired_count": 28, "input_flux": 3.5}, "2020-07-31T19:57:11Z": {"expected_output_flux": 0.6666666666666666, "replicas": 1, "queue_size": 2, "real_output_flux": 2.5, "error": -0.5, "lease_expired_count": 22, "input_flux": 3.0}, "2020-07-31T20:02:04Z": {"expected_output_flux": 0.6666666666666666, "replicas": 1, "queue_size": 0, "real_output_flux": 6.0, "error": 2.5, "lease_expired_count": 43, "input_flux": 3.5}, "2020-07-31T19:52:17Z": {"expected_output_flux": 0.6666666666666666, "replicas": 1, "queue_size": 0, "real_output_flux": 5.0, "error": 1.5, "lease_expired_count": 0, "input_flux": 3.5}, "2020-07-31T20:00:15Z": {"expected_output_flux": 1.3333333333333333, "replicas": 2, "queue_size": 0, "real_output_flux": 4.0, "error": 0.5, "lease_expired_count": 34, "input_flux": 3.5}, "2020-07-31T19:51:57Z": {"expected_output_flux": 6.666666666666667, "replicas": 10, "queue_size": 32, "real_output_flux": 0.5, "error": -1.5, "lease_expired_count": 0, "input_flux": 2.0}, "2020-07-31T19:55:33Z": {"expected_output_flux": 2.6666666666666665, "replicas": 4, "queue_size": 0, "real_output_flux": 4.0, "error": 1.0, "lease_expired_count": 11, "input_flux": 3.0}, "2020-07-31T19:52:38Z": {"expected_output_flux": 0.6666666666666666, "replicas": 1, "queue_size": 0, "real_output_flux": 3.5, "error": 0.5, "lease_expired_count": 0, "input_flux": 3.0}, "2020-07-31T19:58:33Z": {"expected_output_flux": 6.666666666666667, "replicas": 10, "queue_size": 27, "real_output_flux": 1.5, "error": -1.0, "lease_expired_count": 28, "input_flux": 2.5}, "2020-07-31T19:52:06Z": {"expected_output_flux": 6.666666666666667, "replicas": 10, "queue_size": 27, "real_output_flux": 4.0, "error": 1.0, "lease_expired_count": 0, "input_flux": 3.0}, "2020-07-31T20:00:20Z": {"expected_output_flux": 2.0, "replicas": 3, "queue_size": 0, "real_output_flux": 3.5, "error": 0.5, "lease_expired_count": 34, "input_flux": 3.0}, "2020-07-31T19:56:52Z": {"expected_output_flux": 0.6666666666666666, "replicas": 1, "queue_size": 2, "real_output_flux": 4.0, "error": 0.5, "lease_expired_count": 22, "input_flux": 3.5}, "2020-07-31T19:59:51Z": {"expected_output_flux": 6.666666666666667, "replicas": 10, "queue_size": 9, "real_output_flux": 8.0, "error": 3.0, "lease_expired_count": 32, "input_flux": 5.0}, "2020-07-31T19:56:12Z": {"expected_output_flux": 2.0, "replicas": 3, "queue_size": 0, "real_output_flux": 3.0, "error": -0.5, "lease_expired_count": 18, "input_flux": 3.5}, "2020-07-31T19:54:41Z": {"expected_output_flux": 1.3333333333333333, "replicas": 2, "queue_size": 0, "real_output_flux": 3.5, "error": 0.5, "lease_expired_count": 7, "input_flux": 3.0}, "2020-07-31T20:02:53Z": {"expected_output_flux": 0.6666666666666666, "replicas": 1, "queue_size": 0, "real_output_flux": 0.0, "error": 0.0, "lease_expired_count": 50, "input_flux": 0.0}, "2020-07-31T19:54:10Z": {"expected_output_flux": 6.666666666666667, "replicas": 10, "queue_size": 34, "real_output_flux": 2.5, "error": -1.0, "lease_expired_count": 6, "input_flux": 3.5}, "2020-07-31T19:53:25Z": {"expected_output_flux": 0.6666666666666666, "replicas": 1, "queue_size": 0, "real_output_flux": 3.0, "error": 0.0, "lease_expired_count": 0, "input_flux": 3.0}, "2020-07-31T19:59:06Z": {"expected_output_flux": 1.3333333333333333, "replicas": 2, "queue_size": 0, "real_output_flux": 3.0, "error": 0.0, "lease_expired_count": 28, "input_flux": 3.0}, "2020-07-31T20:01:48Z": {"expected_output_flux": 6.666666666666667, "replicas": 10, "queue_size": 21, "real_output_flux": 2.0, "error": -1.5, "lease_expired_count": 42, "input_flux": 3.5}, "2020-07-31T19:58:22Z": {"expected_output_flux": 1.3333333333333333, "replicas": 2, "queue_size": 7, "real_output_flux": 1.0, "error": -2.0, "lease_expired_count": 28, "input_flux": 3.0}, "2020-07-31T19:52:28Z": {"expected_output_flux": 0.6666666666666666, "replicas": 1, "queue_size": 0, "real_output_flux": 3.5, "error": 0.5, "lease_expired_count": 0, "input_flux": 3.0}, "2020-07-31T20:00:00Z": {"expected_output_flux": 0.6666666666666666, "replicas": 1, "queue_size": 0, "real_output_flux": 5.5, "error": 2.5, "lease_expired_count": 32, "input_flux": 3.0}, "2020-07-31T20:02:02Z": {"expected_output_flux": 0.6666666666666666, "replicas": 1, "queue_size": 0, "real_output_flux": 6.5, "error": 3.0, "lease_expired_count": 43, "input_flux": 3.5}, "2020-07-31T20:03:15Z": {"expected_output_flux": 0.6666666666666666, "replicas": 1, "queue_size": 0, "real_output_flux": 0.0, "error": 0.0, "lease_expired_count": 51, "input_flux": 0.0}, "2020-07-31T19:58:04Z": {"expected_output_flux": 0.6666666666666666, "replicas": 1, "queue_size": 0, "real_output_flux": 3.0, "error": -0.5, "lease_expired_count": 25, "input_flux": 3.5}, "2020-07-31T19:54:56Z": {"expected_output_flux": 4.0, "replicas": 6, "queue_size": 0, "real_output_flux": 3.0, "error": 0.0, "lease_expired_count": 11, "input_flux": 3.0}, "2020-07-31T20:02:27Z": {"expected_output_flux": 0.6666666666666666, "replicas": 1, "queue_size": 0, "real_output_flux": 0.5, "error": 0.5, "lease_expired_count": 44, "input_flux": 0.0}, "2020-07-31T19:55:47Z": {"expected_output_flux": 3.3333333333333335, "replicas": 5, "queue_size": 0, "real_output_flux": 3.0, "error": -0.5, "lease_expired_count": 12, "input_flux": 3.5}, "2020-07-31T20:01:28Z": {"expected_output_flux": 0.6666666666666666, "replicas": 1, "queue_size": 0, "real_output_flux": 2.5, "error": -1.0, "lease_expired_count": 38, "input_flux": 3.5}, "2020-07-31T19:56:07Z": {"expected_output_flux": 2.0, "replicas": 3, "queue_size": 0, "real_output_flux": 3.5, "error": 0.0, "lease_expired_count": 18, "input_flux": 3.5}, "2020-07-31T19:53:14Z": {"expected_output_flux": 5.333333333333333, "replicas": 8, "queue_size": 16, "real_output_flux": 6.0, "error": 3.0, "lease_expired_count": 0, "input_flux": 3.0}, "2020-07-31T20:01:08Z": {"expected_output_flux": 0.6666666666666666, "replicas": 1, "queue_size": 0, "real_output_flux": 3.5, "error": 0.5, "lease_expired_count": 38, "input_flux": 3.0}, "2020-07-31T19:59:39Z": {"expected_output_flux": 6.666666666666667, "replicas": 10, "queue_size": 20, "real_output_flux": 2.0, "error": -0.5, "lease_expired_count": 32, "input_flux": 2.5}, "2020-07-31T19:55:51Z": {"expected_output_flux": 3.3333333333333335, "replicas": 5, "queue_size": 0, "real_output_flux": 4.0, "error": 0.5, "lease_expired_count": 16, "input_flux": 3.5}, "2020-07-31T19:55:18Z": {"expected_output_flux": 5.333333333333333, "replicas": 8, "queue_size": 2, "real_output_flux": 5.5, "error": 2.0, "lease_expired_count": 11, "input_flux": 3.5}, "2020-07-31T20:03:32Z": {"expected_output_flux": 0.6666666666666666, "replicas": 1, "queue_size": 2, "real_output_flux": 0.0, "error": 0.0, "lease_expired_count": 54, "input_flux": 0.0}, "2020-07-31T19:54:07Z": {"expected_output_flux": 6.666666666666667, "replicas": 10, "queue_size": 35, "real_output_flux": 1.5, "error": -1.0, "lease_expired_count": 6, "input_flux": 2.5}, "2020-07-31T19:53:40Z": {"expected_output_flux": 0.6666666666666666, "replicas": 1, "queue_size": 0, "real_output_flux": 3.5, "error": 0.0, "lease_expired_count": 3, "input_flux": 3.5}, "2020-07-31T19:56:03Z": {"expected_output_flux": 2.0, "replicas": 3, "queue_size": 0, "real_output_flux": 4.5, "error": 1.5, "lease_expired_count": 18, "input_flux": 3.0}, "2020-07-31T19:54:43Z": {"expected_output_flux": 1.3333333333333333, "replicas": 2, "queue_size": 0, "real_output_flux": 3.0, "error": 0.0, "lease_expired_count": 7, "input_flux": 3.0}, "2020-07-31T19:59:11Z": {"expected_output_flux": 1.3333333333333333, "replicas": 2, "queue_size": 0, "real_output_flux": 3.0, "error": 0.0, "lease_expired_count": 28, "input_flux": 3.0}, "2020-07-31T20:00:26Z": {"expected_output_flux": 0.6666666666666666, "replicas": 1, "queue_size": 0, "real_output_flux": 3.5, "error": 0.0, "lease_expired_count": 37, "input_flux": 3.5}, "2020-07-31T20:00:35Z": {"expected_output_flux": 3.3333333333333335, "replicas": 5, "queue_size": 8, "real_output_flux": 2.0, "error": -1.5, "lease_expired_count": 37, "input_flux": 3.5}, "2020-07-31T19:58:24Z": {"expected_output_flux": 4.666666666666667, "replicas": 7, "queue_size": 12, "real_output_flux": 0.5, "error": -3.0, "lease_expired_count": 28, "input_flux": 3.5}, "2020-07-31T20:02:09Z": {"expected_output_flux": 0.6666666666666666, "replicas": 1, "queue_size": 0, "real_output_flux": 4.0, "error": 1.0, "lease_expired_count": 43, "input_flux": 3.0}, "2020-07-31T19:58:02Z": {"expected_output_flux": 0.6666666666666666, "replicas": 1, "queue_size": 0, "real_output_flux": 3.5, "error": 0.5, "lease_expired_count": 25, "input_flux": 3.0}, "2020-07-31T19:56:40Z": {"expected_output_flux": 2.0, "replicas": 3, "queue_size": 0, "real_output_flux": 4.0, "error": 1.0, "lease_expired_count": 18, "input_flux": 3.0}, "2020-07-31T19:59:48Z": {"expected_output_flux": 6.666666666666667, "replicas": 10, "queue_size": 17, "real_output_flux": 6.0, "error": 0.0, "lease_expired_count": 32, "input_flux": 6.0}, "2020-07-31T20:02:25Z": {"expected_output_flux": 0.6666666666666666, "replicas": 1, "queue_size": 0, "real_output_flux": 0.0, "error": 0.0, "lease_expired_count": 43, "input_flux": 0.0}}}